timestamp;id;gender;age;group
8;1091;0;2;1
9;1091;0;2;1
10;1090;0;2;1
11;1090;0;2;1
12;506;1;3;0
12;1089;0;2;1
13;506;1;3;0
13;1127;0;2;1
14;505;1;3;0
14;1087;0;2;1
15;504;1;3;0
15;1086;0;2;1
16;465;1;3;0
16;1085;0;2;1
17;464;1;3;0
17;1124;0;2;1
18;424;1;3;0
18;1124;0;2;1
19;423;1;3;0
19;1163;0;2;1
20;383;1;3;0
20;1163;0;2;1
21;382;1;3;0
21;1201;0;2;1
22;382;1;3;0
22;1240;0;2;1
23;342;1;3;0
23;1278;0;2;1
24;341;1;3;0
24;1278;0;2;1
25;341;1;3;0
25;1316;0;2;1
26;301;1;3;0
26;1315;0;2;1
27;300;1;3;0
27;1315;0;2;1
28;300;1;3;0
28;1314;0;2;1
29;260;1;3;0
29;1314;0;2;1
30;259;1;3;0
30;1313;0;2;1
31;219;1;3;0
31;935;1;0;3
31;1312;0;2;1
32;219;1;3;0
32;895;1;0;3
32;1312;0;2;1
33;218;1;3;0
33;894;1;0;3
33;1274;0;2;1
34;218;1;3;0
34;894;1;0;3
34;1275;0;2;1
35;178;1;3;0
35;854;1;0;3
35;1276;0;2;1
36;177;1;3;0
36;853;1;0;3
36;1277;0;2;1
37;137;1;3;0
37;853;1;0;3
37;1278;0;2;1
38;137;1;3;0
38;852;1;0;3
38;1239;0;2;1
39;136;1;3;0
39;852;1;0;3
39;1240;0;2;1
40;135;1;3;0
40;812;1;0;3
40;1202;0;2;1
41;134;1;3;0
41;811;1;0;3
41;1163;0;2;1
42;134;1;3;0
42;810;1;0;3
42;1163;0;2;1
43;172;1;3;0
43;810;1;0;3
43;1125;0;2;1
44;171;1;3;0
44;770;1;0;3
44;1086;0;2;1
45;210;1;3;0
45;769;1;0;3
45;1047;0;2;1
46;248;1;3;0
46;768;1;0;3
46;1008;0;2;1
47;247;1;3;0
47;766;1;0;3
47;1008;0;2;1
48;208;1;3;0
48;763;1;0;3
48;969;0;2;1
49;208;1;3;0
49;762;1;0;3
49;929;0;2;1
50;169;1;3;0
50;762;1;0;3
50;890;0;2;1
51;209;1;3;0
51;761;1;0;3
51;889;0;2;1
52;210;1;3;0
52;721;1;0;3
52;850;0;2;1
53;249;1;3;0
53;720;1;0;3
53;849;0;2;1
54;248;1;3;0
54;719;1;0;3
54;809;0;2;1
55;248;1;3;0
55;680;1;0;3
55;808;0;2;1
56;286;1;3;0
56;679;1;0;3
56;808;0;2;1
57;285;1;3;0
57;640;1;0;3
57;810;0;2;1
58;324;1;3;0
58;639;1;0;3
58;849;0;2;1
59;363;1;3;0
59;601;1;0;3
59;850;0;2;1
60;402;1;3;0
60;562;1;0;3
60;850;0;2;1
61;402;1;3;0
61;562;1;0;3
61;851;0;2;1
62;441;1;3;0
62;524;1;0;3
62;891;0;2;1
63;441;1;3;0
63;525;1;0;3
63;892;0;2;1
64;480;1;3;0
64;525;1;0;3
64;893;0;2;1
65;519;1;3;0
65;487;1;0;3
65;894;0;2;1
66;519;1;3;0
66;488;1;0;3
66;895;0;2;1
67;559;1;3;0
67;489;1;0;3
67;934;0;2;1
68;559;1;3;0
68;489;1;0;3
68;935;0;2;1
69;598;1;3;0
69;490;1;0;3
70;636;1;3;0
70;490;1;0;3
71;675;1;3;0
71;491;1;0;3
72;714;1;3;0
72;530;1;0;3
73;753;1;3;0
73;531;1;0;3
74;753;1;3;0
74;532;1;0;3
75;831;1;3;0
75;572;1;0;3
76;870;1;3;0
76;572;1;0;3
77;870;1;3;0
77;611;1;0;3
78;832;1;3;0
78;650;1;0;3
79;793;1;3;0
79;689;1;0;3
80;793;1;3;0
80;688;1;0;3
81;755;1;3;0
81;726;1;0;3
82;755;1;3;0
82;726;1;0;3
83;756;1;3;0
83;726;1;0;3
84;757;1;3;0
84;764;1;0;3
85;757;1;3;0
85;765;1;0;3
86;758;1;3;0
86;765;1;0;3
87;720;1;3;0
87;727;1;0;3
88;721;1;3;0
88;727;1;0;3
89;722;1;3;0
89;689;1;0;3
90;723;1;3;0
90;650;1;0;3
91;724;1;3;0
91;651;1;0;3
92;725;1;3;0
92;612;1;0;3
93;726;1;3;0
93;612;1;0;3
94;727;1;3;0
94;574;1;0;3
95;728;1;3;0
95;535;1;0;3
96;729;1;3;0
96;536;1;0;3
97;730;1;3;0
97;497;1;0;3
98;731;1;3;0
98;497;1;0;3
99;771;1;3;0
99;458;1;0;3
100;772;1;3;0
100;459;1;0;3
101;772;1;3;0
101;420;1;0;3
102;773;1;3;0
102;381;1;0;3
103;775;1;3;0
103;342;1;0;3
104;775;1;3;0
104;342;1;0;3
105;776;1;3;0
105;303;1;0;3
106;776;1;3;0
106;302;1;0;3
107;777;1;3;0
107;263;1;0;3
108;778;1;3;0
108;262;1;0;3
109;779;1;3;0
109;262;1;0;3
110;222;1;0;3
111;221;1;0;3
112;220;1;0;3
113;219;1;0;3
114;218;1;0;3
115;218;1;0;3
116;818;1;2;3
116;217;1;0;3
117;737;1;2;3
117;216;1;0;3
118;697;1;2;3
118;216;1;0;3
119;696;1;2;3
119;215;1;0;3
120;657;1;2;3
120;214;1;0;3
121;656;1;2;3
121;213;1;0;3
122;616;1;2;3
122;212;1;0;3
123;616;1;2;3
123;211;1;0;3
124;615;1;2;3
124;210;1;0;3
125;576;1;2;3
125;209;1;0;3
126;575;1;2;3
126;209;1;0;3
127;535;1;2;3
127;247;1;0;3
128;534;1;2;3
128;286;1;0;3
129;494;1;2;3
129;286;1;0;3
130;494;1;2;3
130;325;1;0;3
131;493;1;2;3
131;325;1;0;3
132;453;1;2;3
132;364;1;0;3
133;453;1;2;3
133;403;1;0;3
134;452;1;2;3
134;403;1;0;3
135;452;1;2;3
135;442;1;0;3
136;412;1;2;3
136;481;1;0;3
137;411;1;2;3
137;481;1;0;3
138;411;1;2;3
138;520;1;0;3
139;449;1;2;3
139;559;1;0;3
140;448;1;2;3
140;598;1;0;3
141;447;1;2;3
141;637;1;0;3
142;447;1;2;3
142;676;1;0;3
143;446;1;2;3
143;676;1;0;3
144;445;1;2;3
144;715;1;0;3
145;444;1;2;3
145;754;1;0;3
146;443;1;2;3
146;754;1;0;3
147;443;1;2;3
147;792;1;0;3
148;442;1;2;3
148;831;1;0;3
149;441;1;2;3
149;870;1;0;3
150;440;1;2;3
150;870;1;0;3
151;439;1;2;3
151;754;1;0;3
152;438;1;2;3
152;754;1;0;3
153;398;1;2;3
153;716;1;0;3
154;397;1;2;3
154;717;1;0;3
155;397;1;2;3
155;717;1;0;3
156;357;1;2;3
156;718;1;0;3
157;357;1;2;3
157;718;1;0;3
158;317;1;2;3
158;719;1;0;3
159;278;1;2;3
159;719;1;0;3
160;238;1;2;3
160;720;1;0;3
161;199;1;2;3
161;722;1;0;3
162;199;1;2;3
162;722;1;0;3
163;161;1;2;3
163;723;1;0;3
164;161;1;2;3
164;723;1;0;3
165;162;1;2;3
165;725;1;0;3
166;163;1;2;3
166;767;1;0;3
167;164;1;2;3
167;769;1;0;3
168;164;1;2;3
168;770;1;0;3
169;204;1;2;3
169;770;1;0;3
170;205;1;2;3
170;771;1;0;3
171;206;1;2;3
171;772;1;0;3
172;246;1;2;3
172;773;1;0;3
173;208;1;2;3
173;774;1;0;3
174;208;1;2;3
174;774;1;0;3
175;209;1;2;3
175;775;1;0;3
176;210;1;2;3
176;776;1;0;3
177;1949;1;2;1
177;171;1;2;3
177;817;1;0;3
178;1949;1;2;1
178;172;1;2;3
178;817;1;0;3
179;1948;1;2;1
179;172;1;2;3
179;818;1;0;3
180;1947;1;2;1
180;134;1;2;3
180;818;1;0;3
181;1947;1;2;1
181;135;1;2;3
182;1946;1;2;1
182;135;1;2;3
183;1945;1;2;1
183;175;1;2;3
184;1944;1;2;1
184;214;1;2;3
185;1943;1;2;1
185;254;1;2;3
186;1942;1;2;1
186;254;1;2;3
187;1941;1;2;1
187;293;1;2;3
188;1941;1;2;1
188;332;1;2;3
189;1940;1;2;1
189;371;1;2;3
190;1939;1;2;1
190;410;1;2;3
191;1938;1;2;1
191;449;1;2;3
192;1937;1;2;1
192;448;1;2;3
193;1936;1;2;1
193;487;1;2;3
194;1935;1;2;1
194;486;1;2;3
195;1934;1;2;1
195;485;1;2;3
196;1933;1;2;1
196;524;1;2;3
197;1932;1;2;1
197;523;1;2;3
198;1892;1;2;1
198;561;1;2;3
199;1891;1;2;1
199;560;1;2;3
200;1891;1;2;1
200;599;1;2;3
201;1890;1;2;1
201;598;1;2;3
202;1889;1;2;1
202;636;1;2;3
203;1889;1;2;1
203;675;1;2;3
204;1888;1;2;1
204;674;1;2;3
205;1887;1;2;1
205;712;1;2;3
206;1887;1;2;1
206;712;1;2;3
207;1886;1;2;1
207;711;1;2;3
208;1885;1;2;1
208;750;1;2;3
209;1884;1;2;1
209;789;1;2;3
210;1884;1;2;1
210;828;1;2;3
211;1883;1;2;1
211;867;1;2;3
212;1921;1;2;1
212;867;1;2;3
213;1920;1;2;1
213;906;1;2;3
214;1919;1;2;1
214;828;1;2;3
215;1918;1;2;1
215;790;1;2;3
216;1918;1;2;1
216;790;1;2;3
217;1917;1;2;1
217;790;1;2;3
218;1877;1;2;1
218;752;1;2;3
219;1877;1;2;1
219;753;1;2;3
220;1837;1;2;1
220;753;1;2;3
221;1798;1;2;1
221;754;1;2;3
222;1798;1;2;1
222;755;1;2;3
223;1759;1;2;1
223;756;1;2;3
224;1720;1;2;1
224;756;1;2;3
225;1680;1;2;1
225;757;1;2;3
226;1641;1;2;1
226;758;1;2;3
227;1641;1;2;1
227;759;1;2;3
228;1602;1;2;1
228;760;1;2;3
229;1563;1;2;1
229;761;1;2;3
230;1524;1;2;1
230;762;1;2;3
231;1485;1;2;1
231;763;1;2;3
232;1446;1;2;1
232;764;1;2;3
233;1446;1;2;1
233;765;1;2;3
234;1407;1;2;1
234;765;1;2;3
235;1368;1;2;1
235;766;1;2;3
236;1290;1;2;1
236;767;1;2;3
237;1251;1;2;1
237;768;1;2;3
238;1212;1;2;1
238;768;1;2;3
239;1173;1;2;1
239;769;1;2;3
240;1134;1;2;1
240;770;1;2;3
240;1910;1;1;2
241;1095;1;2;1
241;771;1;2;3
241;1909;1;1;2
242;1056;1;2;1
242;772;1;2;3
242;1908;1;1;2
243;1017;1;2;1
243;774;1;2;3
243;1907;1;1;2
244;1017;1;2;1
244;775;1;2;3
244;1906;1;1;2
245;978;1;2;1
245;775;1;2;3
245;1906;1;1;2
246;939;1;2;1
246;776;1;2;3
246;1905;1;1;2
247;900;1;2;1
247;777;1;2;3
247;1904;1;1;2
248;900;1;2;1
248;778;1;2;3
248;1903;1;1;2
249;861;1;2;1
249;779;1;2;3
249;1902;1;1;2
250;822;1;2;1
250;1902;1;1;2
251;744;1;2;1
251;1901;1;1;2
252;705;1;2;1
252;1901;1;1;2
253;666;1;2;1
253;1900;1;1;2
254;627;1;2;1
254;1899;1;1;2
255;588;1;2;1
255;1898;1;1;2
256;549;1;2;1
256;1897;1;1;2
257;510;1;2;1
257;1896;1;1;2
258;471;1;2;1
258;1856;1;1;2
259;432;1;2;1
259;1855;1;1;2
260;393;1;2;1
260;1816;1;1;2
261;393;1;2;1
261;1816;1;1;2
262;354;1;2;1
262;1776;1;1;2
263;315;1;2;1
263;1737;1;1;2
264;315;1;2;1
264;1697;1;1;2
265;276;1;2;1
265;1658;1;1;2
266;276;1;2;1
266;1658;1;1;2
267;238;1;2;1
267;1618;1;1;2
268;199;1;2;1
268;1579;1;1;2
269;199;1;2;1
269;1578;1;1;2
270;161;1;2;1
270;1538;1;1;2
271;161;1;2;1
271;1537;1;1;2
272;162;1;2;1
272;1497;1;1;2
273;124;1;2;1
273;1496;1;1;2
274;125;1;2;1
274;1457;1;1;2
275;126;1;2;1
275;1457;1;1;2
276;127;1;2;1
276;1418;1;1;2
277;128;1;2;1
277;1379;1;1;2
278;129;1;2;1
278;1340;1;1;2
279;130;1;2;1
279;1341;1;1;2
280;131;1;2;1
280;1342;1;1;2
281;132;1;2;1
281;1303;1;1;2
282;133;1;2;1
282;1304;1;1;2
283;134;1;2;1
283;1304;1;1;2
284;134;1;2;1
284;1305;1;1;2
285;135;1;2;1
285;1306;1;1;2
286;136;1;2;1
286;1307;1;1;2
287;137;1;2;1
287;1348;1;1;2
288;137;1;2;1
288;1349;1;1;2
289;139;1;2;1
289;1309;1;1;2
290;140;1;2;1
290;1308;1;1;2
291;141;1;2;1
291;1302;1;1;2
292;142;1;2;1
292;1301;1;1;2
293;143;1;2;1
293;1339;1;1;2
294;144;1;2;1
294;1338;1;1;2
295;145;1;2;1
295;1338;1;1;2
296;146;1;2;1
296;1337;1;1;2
297;147;1;2;1
297;1336;1;1;2
298;148;1;2;1
298;1335;1;1;2
299;148;1;2;1
299;1334;1;1;2
300;149;1;2;1
300;1333;1;1;2
301;150;1;2;1
301;1333;1;1;2
302;151;1;2;1
302;1331;1;1;2
303;191;1;2;1
303;1331;1;1;2
304;190;1;2;1
304;1330;1;1;2
305;189;1;2;1
305;1369;1;1;2
306;188;1;2;1
306;1368;1;1;2
307;186;1;2;1
307;1368;1;1;2
308;186;1;2;1
308;1446;1;1;2
309;185;1;2;1
309;1445;1;1;2
310;184;1;2;1
310;1484;1;1;2
311;223;1;2;1
311;1523;1;1;2
312;262;1;2;1
312;1562;1;1;2
313;301;1;2;1
313;1562;1;1;2
314;341;1;2;1
314;1601;1;1;2
315;341;1;2;1
315;1640;1;1;2
316;381;1;2;1
316;1679;1;1;2
317;420;1;2;1
317;1718;1;1;2
318;459;1;2;1
318;1719;1;1;2
319;458;1;2;1
319;1758;1;1;2
320;457;1;2;1
320;1797;1;1;2
321;456;1;2;1
321;1836;1;1;2
322;494;1;2;1
322;1875;1;1;2
323;493;1;2;1
323;1876;1;1;2
324;492;1;2;1
324;1916;1;1;2
325;491;1;2;1
325;1917;1;1;2
326;490;1;2;1
326;1918;1;1;2
327;489;1;2;1
327;1919;1;1;2
328;488;1;2;1
328;1169;0;2;2
328;1919;1;1;2
329;487;1;2;1
329;1168;0;2;2
329;1920;1;1;2
330;487;1;2;1
330;1167;0;2;2
330;1921;1;1;2
331;486;1;2;1
331;1166;0;2;2
331;1921;1;1;2
332;484;1;2;1
332;1165;0;2;2
332;1922;1;1;2
333;484;1;2;1
333;1164;0;2;2
333;1923;1;1;2
334;482;1;2;1
334;1124;0;2;2
334;1924;1;1;2
335;482;1;2;1
335;1163;0;2;2
335;1924;1;1;2
336;481;1;2;1
336;1201;0;2;2
336;1925;1;1;2
337;480;1;2;1
337;1240;0;2;2
337;1887;1;1;2
338;440;1;2;1
338;1279;0;2;2
338;1888;1;1;2
339;439;1;2;1
339;1318;0;2;2
339;1888;1;1;2
340;438;1;2;1
340;1356;0;2;2
340;1850;1;1;2
341;437;1;2;1
341;1395;0;2;2
341;1850;1;1;2
342;437;1;2;1
342;1395;0;2;2
342;1851;1;1;2
343;436;1;2;1
343;1433;0;2;2
343;1813;1;1;2
344;435;1;2;1
344;1472;0;2;2
344;1775;1;1;2
345;474;1;2;1
345;1472;0;2;2
345;1698;1;1;2
346;474;1;2;1
346;1510;0;2;2
346;1699;1;1;2
347;512;1;2;1
347;1548;0;2;2
347;1699;1;1;2
348;512;1;2;1
348;1548;0;2;2
348;1661;1;1;2
349;551;1;2;1
349;1547;0;2;2
349;1623;1;1;2
350;589;1;2;1
350;1546;0;2;2
350;1623;1;1;2
351;589;1;2;1
351;1545;0;2;2
351;1585;1;1;2
352;628;1;2;1
352;1544;0;2;2
352;1585;1;1;2
353;667;1;2;1
353;1543;0;2;2
353;1547;1;1;2
354;705;1;2;1
354;1542;0;2;2
354;1547;1;1;2
355;744;1;2;1
355;1541;0;2;2
355;1509;1;1;2
356;783;1;2;1
356;1579;0;2;2
356;1509;1;1;2
357;784;1;2;1
357;1578;0;2;2
357;1471;1;1;2
358;784;1;2;1
358;1578;0;2;2
358;1472;1;1;2
359;786;1;2;1
359;1576;0;2;2
359;1433;1;1;2
360;787;1;2;1
360;1576;0;2;2
360;1396;1;1;2
361;748;1;2;1
361;1575;0;2;2
361;1358;1;1;2
362;749;1;2;1
362;1613;0;2;2
362;1358;1;1;2
363;750;1;2;1
363;1612;0;2;2
363;1320;1;1;2
364;751;1;2;1
364;1611;0;2;2
364;1320;1;1;2
365;752;1;2;1
365;1571;0;2;2
365;1282;1;1;2
366;753;1;2;1
366;1571;0;2;2
366;1283;1;1;2
367;753;1;2;1
367;1531;0;2;2
367;1245;1;1;2
368;754;1;2;1
368;1493;0;2;2
368;1207;1;1;2
369;794;1;2;1
369;1494;0;2;2
369;1208;1;1;2
370;795;1;2;1
370;1455;0;2;2
371;796;1;2;1
371;1456;0;2;2
372;797;1;2;1
372;1417;0;2;2
373;798;1;2;1
373;1417;0;2;2
374;799;1;2;1
374;1378;0;2;2
375;800;1;2;1
375;1339;0;2;2
376;800;1;2;1
376;1300;0;2;2
377;801;1;2;1
377;1261;0;2;2
378;802;1;2;1
378;1222;0;2;2
379;764;1;2;1
379;1143;0;2;2
380;765;1;2;1
380;1143;0;2;2
381;766;1;2;1
381;1182;0;2;2
382;727;1;2;1
382;1183;0;2;2
383;728;1;2;1
383;1261;0;2;2
384;690;1;2;1
384;1261;0;2;2
385;690;1;2;1
385;1301;0;2;2
386;613;1;2;1
386;1302;0;2;2
387;614;1;2;1
387;1303;0;2;2
388;575;1;2;1
388;1304;0;2;2
389;537;1;2;1
389;1343;0;2;2
390;537;1;2;1
390;1344;0;2;2
391;499;1;2;1
391;1345;0;2;2
392;499;1;2;1
392;1346;0;2;2
393;500;1;2;1
393;1308;0;2;2
394;462;1;2;1
394;1309;0;2;2
395;463;1;2;1
395;1310;0;2;2
396;464;1;2;1
396;1311;0;2;2
397;465;1;2;1
397;1311;0;2;2
398;466;1;2;1
398;1312;0;2;2
399;467;1;2;1
399;1313;0;2;2
400;1314;0;2;2
401;1315;0;2;2
402;1277;0;2;2
403;1277;0;2;2
404;1278;0;2;2
405;1240;0;2;2
406;1242;0;2;2
407;1243;0;2;2
408;1244;0;2;2
408;1286;0;2;3
409;1206;0;2;2
409;1324;0;2;3
410;1208;0;2;2
410;1323;0;2;3
411;1360;0;2;3
412;1359;0;2;3
413;1397;0;2;3
414;1397;0;2;3
415;1435;0;2;3
416;1435;0;2;3
417;1473;0;2;3
418;1472;0;2;3
419;1510;0;2;3
420;1549;0;2;3
421;1549;0;2;3
422;1588;0;2;3
423;1627;0;2;3
424;1627;0;2;3
425;1666;0;2;3
426;1705;0;2;3
427;1744;0;2;3
428;1744;0;2;3
429;1783;0;2;3
430;1782;0;2;3
431;1821;0;2;3
432;1286;1;1;3
432;1820;0;2;3
433;1324;1;1;3
433;1858;0;2;3
434;1362;1;1;3
434;1857;0;2;3
435;1361;1;1;3
435;1856;0;2;3
436;1399;1;1;3
436;1855;0;2;3
437;1398;1;1;3
437;1854;0;2;3
438;1436;1;1;3
438;1854;0;2;3
439;1435;1;1;3
439;1814;0;2;3
440;1473;1;1;3
440;1813;0;2;3
441;1472;1;1;3
441;1812;0;2;3
442;1509;1;1;3
442;1850;0;2;3
443;1509;1;1;3
443;1849;0;2;3
444;1508;1;1;3
444;1887;0;2;3
445;1546;1;1;3
445;1886;0;2;3
446;1545;1;1;3
446;1885;0;2;3
447;1544;1;1;3
447;1885;0;2;3
448;1543;1;1;3
448;1884;0;2;3
449;1541;1;1;3
449;1844;0;2;3
450;1579;1;1;3
450;1843;0;2;3
451;1578;1;1;3
451;1842;0;2;3
452;1577;1;1;3
452;1880;0;2;3
453;1576;1;1;3
453;1880;0;2;3
454;1575;1;1;3
454;1879;0;2;3
455;1613;1;1;3
455;1878;0;2;3
456;1613;1;1;3
456;1877;0;2;3
457;1612;1;1;3
457;1876;0;2;3
458;1611;1;1;3
458;1876;0;2;3
459;1610;1;1;3
459;1837;0;2;3
460;1609;1;1;3
460;1798;0;2;3
461;1608;1;1;3
461;1759;0;2;3
462;1646;1;1;3
462;1720;0;2;3
463;1645;1;1;3
463;1721;0;2;3
464;1645;1;1;3
464;1683;0;2;3
465;1683;1;1;3
465;1645;0;2;3
466;1682;1;1;3
466;1646;0;2;3
467;1720;1;1;3
467;1647;0;2;3
468;1759;1;1;3
468;1609;0;2;3
469;1798;1;1;3
469;1609;0;2;3
470;1798;1;1;3
470;1571;0;2;3
471;1837;1;1;3
471;1532;0;2;3
472;1877;1;1;3
472;1494;0;2;3
473;1878;1;1;3
473;1494;0;2;3
474;1879;1;1;3
474;1455;0;2;3
475;1919;1;1;3
475;1416;0;2;3
476;1920;1;1;3
476;467;0;1;4
476;1376;0;2;3
477;1921;1;1;3
477;466;0;1;4
477;1337;0;2;3
478;1922;1;1;3
478;466;0;1;4
478;1336;0;2;3
479;1923;1;1;3
479;425;0;1;4
479;1297;0;2;3
480;1885;1;1;3
480;424;0;1;4
480;1257;0;2;3
481;1886;1;1;3
481;423;0;1;4
481;1218;0;2;3
482;1887;1;1;3
482;383;0;1;4
482;1178;0;2;3
483;1888;1;1;3
483;382;0;1;4
483;1139;0;2;3
484;1889;1;1;3
484;382;0;1;4
484;1100;0;2;3
485;1890;1;1;3
485;381;0;1;4
485;1218;0;2;3
486;1891;1;1;3
486;341;0;1;4
486;1258;0;2;3
487;1892;1;1;3
487;340;0;1;4
487;1298;0;2;3
488;1893;1;1;3
488;301;0;1;4
488;1300;0;2;3
489;1894;1;1;3
489;299;0;1;4
489;1301;0;2;3
490;1895;1;1;3
490;259;0;1;4
490;1302;0;2;3
491;1896;1;1;3
491;258;0;1;4
491;1302;0;2;3
492;1897;1;1;3
492;257;0;1;4
492;1303;0;2;3
493;1898;1;1;3
493;217;0;1;4
493;1343;0;2;3
494;1900;1;1;3
494;217;0;1;4
494;1344;0;2;3
495;1901;1;1;3
495;215;0;1;4
495;1344;0;2;3
496;1901;1;1;3
496;254;0;1;4
496;1345;0;2;3
497;1902;1;1;3
497;254;0;1;4
497;1307;0;2;3
498;1903;1;1;3
498;293;0;1;4
498;1308;0;2;3
499;1904;1;1;3
499;332;0;1;4
499;1309;0;2;3
500;1906;1;1;3
500;372;0;1;4
500;1310;0;2;3
501;1868;1;1;3
501;372;0;1;4
501;1310;0;2;3
502;1829;1;1;3
502;412;0;1;4
502;1311;0;2;3
503;1830;1;1;3
503;412;0;1;4
503;1312;0;2;3
504;1791;1;1;3
504;451;0;1;4
504;1313;0;2;3
505;1753;1;1;3
505;490;0;1;4
505;1314;0;2;3
506;1714;1;1;3
506;490;0;1;4
506;1316;0;2;3
507;1675;1;1;3
507;528;0;1;4
507;1278;0;2;3
508;1636;1;1;3
508;527;0;1;4
508;1278;0;2;3
509;1635;1;1;3
509;526;0;1;4
509;1279;0;2;3
510;1634;1;1;3
510;525;0;1;4
510;1280;0;2;3
511;1634;1;1;3
511;524;0;1;4
511;1242;0;2;3
512;1633;1;1;3
512;524;0;1;4
512;1244;0;2;3
513;1671;1;1;3
513;523;0;1;4
513;1244;0;2;3
514;1670;1;1;3
514;522;0;1;4
514;1245;0;2;3
515;1708;1;1;3
515;482;0;1;4
515;1207;0;2;3
516;1708;1;1;3
516;482;0;1;4
516;1208;0;2;3
517;1707;1;1;3
517;481;0;1;4
518;1745;1;1;3
518;480;0;1;4
519;1784;1;1;3
519;479;0;1;4
520;1783;1;1;3
520;439;0;1;4
521;1821;1;1;3
521;438;0;1;4
522;1820;1;1;3
522;436;0;1;4
523;1819;1;1;3
523;436;0;1;4
524;1858;1;1;3
524;435;0;1;4
525;1857;1;1;3
525;474;0;1;4
526;1855;1;1;3
526;473;0;1;4
527;1854;1;1;3
527;511;0;1;4
528;1853;1;1;3
528;550;0;1;4
529;1814;1;1;3
529;550;0;1;4
530;1775;1;1;3
530;588;0;1;4
531;1736;1;1;3
531;627;0;1;4
532;1698;1;1;3
532;666;0;1;4
533;1699;1;1;3
533;705;0;1;4
534;1661;1;1;3
534;744;0;1;4
535;1661;1;1;3
535;744;0;1;4
536;1623;1;1;3
536;822;0;1;4
537;1624;1;1;3
537;861;0;1;4
538;1625;1;1;3
538;900;0;1;4
539;1587;1;1;3
539;900;0;1;4
540;1588;1;1;3
540;939;0;1;4
541;1549;1;1;3
541;978;0;1;4
542;1549;1;1;3
542;1017;0;1;4
543;1511;1;1;3
543;1056;0;1;4
544;1511;1;1;3
544;1095;0;1;4
545;1472;1;1;3
545;1134;0;1;4
545;1637;1;0;5
546;1432;1;1;3
546;1173;0;1;4
546;1636;1;0;5
547;1432;1;1;3
547;1212;0;1;4
547;1635;1;0;5
548;1392;1;1;3
548;1290;0;1;4
548;1673;1;0;5
549;1391;1;1;3
549;1330;0;1;4
549;1672;1;0;5
550;1351;1;1;3
550;1370;0;1;4
550;1672;1;0;5
551;1350;1;1;3
551;1371;0;1;4
551;1710;1;0;5
552;1312;1;1;3
552;1371;0;1;4
552;1708;1;0;5
553;1312;1;1;3
553;1372;0;1;4
553;1746;1;0;5
554;1313;1;1;3
554;1334;0;1;4
554;1746;1;0;5
555;1314;1;1;3
555;1334;0;1;4
555;1744;1;0;5
556;1276;1;1;3
556;1296;0;1;4
556;1783;1;0;5
557;1276;1;1;3
557;1218;0;1;4
557;1782;1;0;5
558;1277;1;1;3
558;1179;0;1;4
558;1819;1;0;5
559;1278;1;1;3
559;1218;0;1;4
559;1818;1;0;5
560;1240;1;1;3
560;1256;0;1;4
560;1818;1;0;5
561;1241;1;1;3
561;1256;0;1;4
561;1817;1;0;5
562;1241;1;1;3
562;1294;0;1;4
562;1777;1;0;5
563;1203;1;1;3
563;1293;0;1;4
563;1738;1;0;5
564;1204;1;1;3
564;1331;0;1;4
564;1737;1;0;5
565;1205;1;1;3
565;1330;0;1;4
565;1697;1;0;5
566;1206;1;1;3
566;1371;0;1;4
566;1658;1;0;5
567;1208;1;1;3
567;1373;0;1;4
567;1618;1;0;5
568;1374;0;1;4
568;1617;1;0;5
569;1375;0;1;4
569;1616;1;0;5
570;1375;0;1;4
570;1615;1;0;5
571;1416;0;1;4
571;1653;1;0;5
572;1417;0;1;4
572;1652;1;0;5
573;1456;0;1;4
573;1690;1;0;5
574;1457;0;1;4
574;1729;1;0;5
575;1497;0;1;4
575;1728;1;0;5
576;1498;0;1;4
576;1766;1;0;5
577;1538;0;1;4
577;1766;1;0;5
578;1538;0;1;4
578;1804;1;0;5
579;1539;0;1;4
579;1803;1;0;5
580;1579;0;1;4
580;1842;1;0;5
581;1580;0;1;4
581;1840;1;0;5
582;1581;0;1;4
582;1801;1;0;5
583;1582;0;1;4
583;1800;1;0;5
584;1584;0;1;4
584;1760;1;0;5
585;1624;0;1;4
585;1721;1;0;5
586;1626;0;1;4
586;1683;1;0;5
587;1626;0;1;4
587;1645;1;0;5
588;1627;0;1;4
588;1645;1;0;5
589;1628;0;1;4
589;1569;1;0;5
590;1629;0;1;4
590;1530;1;0;5
591;1630;0;1;4
591;1492;1;0;5
592;1631;0;1;4
592;1493;1;0;5
593;1632;0;1;4
593;1455;1;0;5
594;1633;0;1;4
594;1416;1;0;5
595;1634;0;1;4
595;1416;1;0;5
596;1636;0;1;4
596;1377;1;0;5
597;1637;0;1;4
597;1376;1;0;5
598;1375;1;0;5
599;1374;1;0;5
600;1334;1;0;5
601;1333;1;0;5
602;1293;1;0;5
603;1292;1;0;5
604;1213;1;0;5
605;1173;1;0;5
606;1134;1;0;5
607;1095;1;0;5
608;1056;1;0;5
609;1017;1;0;5
610;979;1;0;5
611;940;1;0;5
612;901;1;0;5
613;823;1;0;5
614;824;1;0;5
615;785;1;0;5
616;747;1;0;5
617;709;1;0;5
618;710;1;0;5
619;673;1;0;5
620;674;1;0;5
621;674;1;0;5
622;636;1;0;5
623;636;1;0;5
624;597;1;0;5
625;558;1;0;5
626;519;1;0;5
627;479;1;0;5
628;478;1;0;5
629;438;1;0;5
630;438;1;0;5
631;397;1;0;5
632;357;1;0;5
633;318;1;0;5
634;317;1;0;5
635;238;1;0;5
636;238;1;0;5
637;199;1;0;5
638;161;1;0;5
639;161;1;0;5
640;123;1;0;5
641;124;1;0;5
642;125;1;0;5
643;126;1;0;5
644;165;1;0;5
645;166;1;0;5
646;206;1;0;5
647;206;1;0;5
648;246;1;0;5
649;246;1;0;5
650;286;1;0;5
651;325;1;0;5
652;365;1;0;5
653;365;1;0;5
654;405;1;0;5
655;445;1;0;5
656;446;1;0;5
657;486;1;0;5
658;486;1;0;5
659;487;1;0;5
660;449;1;0;5
661;410;1;0;5
662;411;1;0;5
663;372;1;0;5
664;333;1;0;5
665;294;1;0;5
666;256;1;0;5
667;257;1;0;5
668;258;1;0;5
669;259;1;0;5
670;260;1;0;5
671;260;1;0;5
672;261;1;0;5
673;301;1;0;5
674;302;1;0;5
675;342;1;0;5
676;382;1;0;5
677;421;1;0;5
678;459;1;0;5
679;498;1;0;5
680;536;1;0;5
681;575;1;0;5
682;613;1;0;5
683;652;1;0;5
684;691;1;0;5
685;691;1;0;5
686;770;1;0;5
687;809;1;0;5
688;810;1;0;5
689;850;1;0;5
690;890;1;0;5
691;891;1;0;5
692;893;1;0;5
693;894;1;0;5
694;894;1;0;5
695;935;1;0;5
817;1676;0;1;5
818;1675;0;1;5
819;1674;0;1;5
820;1673;0;1;5
821;1672;0;1;5
822;1672;0;1;5
823;1671;0;1;5
824;974;0;1;5
824;1631;0;1;5
825;934;0;1;5
825;1629;0;1;5
826;933;0;1;5
826;1629;0;1;5
827;932;0;1;5
827;1589;0;1;5
828;892;0;1;5
828;1550;0;1;5
829;891;0;1;5
829;1510;0;1;5
830;890;0;1;5
830;1471;0;1;5
831;849;0;1;5
831;1472;0;1;5
832;848;0;1;5
832;1433;0;1;5
833;808;0;1;5
833;1395;0;1;5
834;807;0;1;5
834;1356;0;1;5
835;806;0;1;5
835;1318;0;1;5
836;806;0;1;5
836;1279;0;1;5
837;805;0;1;5
837;1240;0;1;5
838;765;0;1;5
838;1202;0;1;5
839;763;0;1;5
839;1202;0;1;5
840;762;0;1;5
840;1163;0;1;5
841;760;0;1;5
841;1124;0;1;5
842;721;0;1;5
842;1085;0;1;5
843;720;0;1;5
843;1007;0;1;5
844;719;0;1;5
844;968;0;1;5
845;679;0;1;5
845;928;0;1;5
846;678;0;1;5
846;889;0;1;5
847;599;0;1;5
847;849;0;1;5
848;560;0;1;5
848;810;0;1;5
849;522;0;1;5
849;770;0;1;5
850;484;0;1;5
850;692;0;1;5
851;485;0;1;5
851;653;0;1;5
852;486;0;1;5
852;614;0;1;5
853;486;0;1;5
853;535;0;1;5
854;487;0;1;5
854;496;0;1;5
855;488;0;1;5
855;457;0;1;5
856;489;0;1;5
856;418;0;1;5
857;451;0;1;5
857;1949;1;3;0
857;340;0;1;5
858;452;0;1;5
858;1948;1;3;0
858;301;0;1;5
859;453;0;1;5
859;1947;1;3;0
859;301;0;1;5
860;455;0;1;5
860;1946;1;3;0
860;223;0;1;5
861;456;0;1;5
861;1945;1;3;0
861;185;0;1;5
862;457;0;1;5
862;1943;1;3;0
862;147;0;1;5
863;419;0;1;5
863;1902;1;3;0
863;148;0;1;5
864;380;0;1;5
864;1862;1;3;0
864;111;0;1;5
865;340;0;1;5
865;1823;1;3;0
865;112;0;1;5
866;300;0;1;5
866;1783;1;3;0
866;113;0;1;5
867;299;0;1;5
867;1744;1;3;0
867;114;0;1;5
868;260;0;1;5
868;1705;1;3;0
868;116;0;1;5
869;220;0;1;5
869;1666;1;3;0
870;181;0;1;5
870;1627;1;3;0
871;143;0;1;5
871;1587;1;3;0
872;144;0;1;5
872;1586;1;3;0
873;144;0;1;5
873;1585;1;3;0
874;145;0;1;5
874;1584;1;3;0
875;147;0;1;5
875;1583;1;3;0
876;187;0;1;5
876;1582;1;3;0
877;189;0;1;5
877;1581;1;3;0
878;190;0;1;5
878;1580;1;3;0
879;191;0;1;5
879;1579;1;3;0
880;192;0;1;5
880;1577;1;3;0
881;232;0;1;5
881;1576;1;3;0
882;233;0;1;5
882;1575;1;3;0
883;1575;1;3;0
884;1613;1;3;0
885;1611;1;3;0
886;1649;1;3;0
887;1647;1;3;0
888;1685;1;3;0
889;1684;1;3;0
890;1723;1;3;0
891;1722;1;3;0
892;1721;1;3;0
893;1759;1;3;0
894;1719;1;3;0
895;1719;1;3;0
896;1641;1;3;0
897;1641;1;3;0
898;1601;1;3;0
899;1523;1;3;0
900;1484;1;3;0
901;1445;1;3;0
902;1406;1;3;0
903;1367;1;3;0
904;1328;1;3;0
905;1289;1;3;0
906;1211;1;3;0
907;1173;1;3;0
908;1134;1;3;0
909;1056;1;3;0
910;1017;1;3;0
911;978;1;3;0
912;900;1;3;0
913;861;1;3;0
914;823;1;3;0
915;745;1;3;0
916;705;1;3;0
917;705;1;3;0
918;666;1;3;0
919;629;1;3;0
920;669;1;3;0
921;670;1;3;0
922;709;1;3;0
923;749;1;3;0
924;750;1;3;0
925;712;1;3;0
926;713;1;3;0
927;715;1;3;0
928;715;1;3;0
929;717;1;3;0
930;717;1;3;0
931;719;1;3;0
932;719;1;3;0
933;720;1;3;0
934;761;1;3;0
935;762;1;3;0
936;763;1;3;0
937;764;1;3;0
938;765;1;3;0
939;765;1;3;0
940;766;1;3;0
941;767;1;3;0
942;768;1;3;0
943;769;1;3;0
944;771;1;3;0
945;772;1;3;0
946;773;1;3;0
947;774;1;3;0
948;775;1;3;0
949;776;1;3;0
950;778;1;3;0
951;779;1;3;0
1052;545;0;0;5
1053;584;0;0;5
1054;622;0;0;5
1055;660;0;0;5
1056;698;0;0;5
1057;737;0;0;5
1058;775;0;0;5
1059;813;0;0;5
1060;812;0;0;5
1061;851;0;0;5
1062;890;0;0;5
1063;930;0;0;5
1064;931;0;0;5
1065;971;0;0;5
1066;1012;0;0;5
1067;1013;0;0;5