id;X;Y;Z;dist2;dist1;dist3
0;0.125;0;9.625;5.595891;9.818048;9.625
1;0.125;0;9.375;5.410115;9.713362;9.375
2;0.125;0;9.125;5.229693;9.614039;9.125
3;0.125;0;8.875;5.055199;9.520247;8.875
4;0.125;0;8.625;4.887267;9.432149;8.625
5;0.125;0;8.375;4.726598;9.349909;8.375
6;0.125;0;8.125;4.573956;9.27368;8.125
7;0.125;0;7.875;4.430171;9.203612;7.875
8;0.125;0;7.625;4.296133;9.139848;7.625
9;0.125;0;7.375;4.172782;9.08252;7.375
10;0.125;0;7.125;4.06109;9.031751;7.125
11;0.125;0;6.875;3.962045;8.987651;6.875
12;0.125;0;6.625;3.876615;8.950319;6.625
13;0.125;0;6.375;3.805718;8.919841;6.375
14;0.125;0;6.125;3.750178;8.896286;6.125
15;0.125;0;5.875;3.710685;8.87971;5.875
16;0.125;0;5.625;3.687754;8.870152;5.625
17;0.125;0;5.375;3.681521;8.867562;5.375
18;0.125;0;5.125;3.681521;8.867562;5.125
19;0.125;0;4.875;3.681521;8.867562;4.875
20;0.125;0;4.625;3.681521;8.867562;4.625
21;0.125;0;4.375;3.681521;8.867562;4.375
22;0.125;0;4.125;3.681521;8.867562;4.125
23;0.125;0;3.875;3.681521;8.867562;3.875
24;0.125;0;3.625;3.681521;8.867562;3.625
25;0.125;0;3.375;3.681694;8.867634;3.375
26;0.125;0;3.125;3.69259;8.872163;3.125
27;0.125;0;2.875;3.720291;8.883728;2.875
28;0.125;0;2.625;3.764427;8.902302;2.625
29;0.125;0;2.375;3.824429;8.92784;2.375
30;0.125;0;2.125;3.899564;8.960283;2.125
31;0.125;0;1.875;3.988978;8.999556;1.875
32;0.125;0;1.625;4.091735;9.045571;1.625
33;0.125;0;1.375;4.206856;9.098225;1.375
34;0.125;0;1.125;4.333357;9.157404;1.125
35;0.125;0;0.875;4.470272;9.222982;0.875
36;0.125;0;0.625;4.616674;9.294823;0.625
37;0.125;0;0.375;4.77169;9.372784;0.375
38;0.125;0;0.125;4.934508;9.456714;0.125
39;0.375;0;9.625;5.434679;9.59285;9.625
40;0.375;0;9.375;5.243194;9.48568;9.375
41;0.375;0;9.125;5.05682;9.383948;9.125
42;0.375;0;8.875;4.876143;9.287832;8.875
43;0.375;0;8.625;4.701821;9.197508;8.625
44;0.375;0;8.375;4.534585;9.11315;8.375
45;0.375;0;8.125;4.37525;9.034924;8.125
46;0.375;0;7.875;4.224708;8.962991;7.875
47;0.375;0;7.625;4.083932;8.897502;7.625
48;0.375;0;7.375;3.953966;8.838602;7.375
49;0.375;0;7.125;3.835908;8.786423;7.125
50;0.375;0;6.875;3.73089;8.741086;6.875
51;0.375;0;6.625;3.640039;8.702697;6.625
52;0.375;0;6.375;3.56444;8.671348;6.375
53;0.375;0;6.125;3.505079;8.647116;6.125
54;0.375;0;5.875;3.462791;8.630062;5.875
55;0.375;0;5.625;3.438207;8.620227;5.625
56;0.375;0;5.375;3.431521;8.617562;5.375
57;0.375;0;5.125;3.431521;8.617562;5.125
58;0.375;0;4.875;3.431521;8.617562;4.875
59;0.375;0;4.625;3.431521;8.617562;4.625
60;0.375;0;4.375;3.431521;8.617562;4.375
61;0.375;0;4.125;3.431521;8.617562;4.125
62;0.375;0;3.875;3.431521;8.617562;3.875
63;0.375;0;3.625;3.431521;8.617562;3.625
64;0.375;0;3.375;3.431707;8.617636;3.375
65;0.375;0;3.125;3.443394;8.622297;3.125
66;0.375;0;2.875;3.473083;8.634196;2.875
67;0.375;0;2.625;3.52032;8.653305;2.625
68;0.375;0;2.375;3.58441;8.679576;2.375
69;0.375;0;2.125;3.66447;8.712944;2.125
70;0.375;0;1.875;3.75948;8.753327;1.875
71;0.375;0;1.625;3.868337;8.800629;1.625
72;0.375;0;1.375;3.98991;8.85474;1.375
73;0.375;0;1.125;4.123072;8.915535;1.125
74;0.375;0;0.875;4.26674;8.982879;0.875
75;0.375;0;0.625;4.419889;9.056625;0.625
76;0.375;0;0.375;4.581568;9.136619;0.375
77;0.375;0;0.125;4.750906;9.222698;0.125
78;0.625;0;9.625;5.280386;9.368911;9.625
79;0.625;0;9.375;5.083092;9.259149;9.375
80;0.625;0;9.125;4.89062;9.1549;9.125
81;0.625;0;8.875;4.703564;9.056353;8.875
82;0.625;0;8.625;4.522594;8.963698;8.625
83;0.625;0;8.375;4.348471;8.877118;8.375
84;0.625;0;8.125;4.182051;8.796793;8.125
85;0.625;0;7.875;4.024288;8.722896;7.875
86;0.625;0;7.625;3.876241;8.655591;7.625
87;0.625;0;7.375;3.739062;8.595034;7.375
88;0.625;0;7.125;3.613991;8.541367;7.125
89;0.625;0;6.875;3.502325;8.494722;6.875
90;0.625;0;6.625;3.405382;8.455214;6.625
91;0.625;0;6.375;3.32445;8.422944;6.375
92;0.625;0;6.125;3.260723;8.397996;6.125
93;0.625;0;5.875;3.215223;8.380435;5.875
94;0.625;0;5.625;3.188731;8.370306;5.625
95;0.625;0;5.375;3.181521;8.367562;5.375
96;0.625;0;5.125;3.181521;8.367562;5.125
97;0.625;0;4.875;3.181521;8.367562;4.875
98;0.625;0;4.625;3.181521;8.367562;4.625
99;0.625;0;4.375;3.181521;8.367562;4.375
100;0.625;0;4.125;3.181521;8.367562;4.125
101;0.625;0;3.875;3.181521;8.367562;3.875
102;0.625;0;3.625;3.181521;8.367562;3.625
103;0.625;0;3.375;3.181722;8.367639;3.375
104;0.625;0;3.125;3.194323;8.372438;3.125
105;0.625;0;2.875;3.226305;8.384692;2.875
106;0.625;0;2.625;3.277101;8.404369;2.625
107;0.625;0;2.375;3.345853;8.431415;2.375
108;0.625;0;2.125;3.431484;8.465761;2.125
109;0.625;0;1.875;3.532765;8.507317;1.875
110;0.625;0;1.625;3.648393;8.55598;1.625
111;0.625;0;1.375;3.777052;8.611628;1.375
112;0.625;0;1.125;3.917456;8.674127;1.125
113;0.625;0;0.875;4.068392;8.743331;0.875
114;0.625;0;0.625;4.22873;8.81908;0.625
115;0.625;0;0.375;4.397443;8.901209;0.375
116;0.625;0;0.125;4.573603;8.989542;0.125
117;0.875;0;9.625;5.133636;9.146323;9.625
118;0.875;0;9.375;4.930473;9.033856;9.375
119;0.875;0;9.125;4.731797;8.926976;9.125
120;0.875;0;8.875;4.538199;8.825885;8.875
121;0.875;0;8.625;4.350356;8.730785;8.625
122;0.875;0;8.375;4.169046;8.641872;8.375
123;0.875;0;8.125;3.995158;8.559339;8.125
124;0.875;0;7.875;3.829704;8.483374;7.875
125;0.875;0;7.625;3.673824;8.414154;7.625
126;0.875;0;7.375;3.528785;8.351846;7.375
127;0.875;0;7.125;3.395979;8.296606;7.125
128;0.875;0;6.875;3.276891;8.248577;6.875
129;0.875;0;6.625;3.173068;8.207884;6.625
130;0.875;0;6.375;3.086051;8.174638;6.375
131;0.875;0;6.125;3.017293;8.14893;6.125
132;0.875;0;5.875;2.968063;8.13083;5.875
133;0.875;0;5.625;2.939344;8.120391;5.625
134;0.875;0;5.375;2.931521;8.117562;5.375
135;0.875;0;5.125;2.931521;8.117562;5.125
136;0.875;0;4.875;2.931521;8.117562;4.875
137;0.875;0;4.625;2.931521;8.117562;4.625
138;0.875;0;4.375;2.931521;8.117562;4.375
139;0.875;0;4.125;2.931521;8.117562;4.125
140;0.875;0;3.875;2.931521;8.117562;3.875
141;0.875;0;3.625;2.931521;8.117562;3.625
142;0.875;0;3.375;2.931739;8.117641;3.375
143;0.875;0;3.125;2.94541;8.122588;3.125
144;0.875;0;2.875;2.980064;8.135219;2.875
145;0.875;0;2.625;3.034984;8.155497;2.625
146;0.875;0;2.375;3.109095;8.183366;2.375
147;0.875;0;2.125;3.201065;8.218748;2.125
148;0.875;0;1.875;3.309406;8.261548;1.875
149;0.875;0;1.625;3.432566;8.311649;1.625
150;0.875;0;1.375;3.569014;8.368922;1.375
151;0.875;0;1.125;3.717284;8.43322;1.125
152;0.875;0;0.875;3.876022;8.504384;0.875
153;0.875;0;0.625;4.043995;8.582243;0.625
154;0.875;0;0.375;4.2201;8.666617;0.375
155;0.875;0;0.125;4.403361;8.757316;0.125
156;1.125;0;9.625;4.995093;8.925185;9.625
157;1.125;0;9.375;4.786053;8.809897;9.375
158;1.125;0;9.125;4.581118;8.700266;9.125
159;1.125;0;8.875;4.380866;8.596509;8.875
160;1.125;0;8.625;4.185969;8.498842;8.625
161;1.125;0;8.375;3.997209;8.407477;8.375
162;1.125;0;8.125;3.815498;8.32262;8.125
163;1.125;0;7.875;3.641892;8.244474;7.875
164;1.125;0;7.625;3.477603;8.173231;7.625
165;1.125;0;7.375;3.324013;8.109072;7.375
166;1.125;0;7.125;3.182674;8.052167;7.125
167;1.125;0;6.875;3.055283;8.002671;6.875
168;1.125;0;6.625;2.943655;7.960721;6.625
169;1.125;0;6.375;2.84964;7.926439;6.375
170;1.125;0;6.125;2.77503;7.899923;6.125
171;1.125;0;5.875;2.721422;7.881251;5.875
172;1.125;0;5.625;2.690072;7.870481;5.625
173;1.125;0;5.375;2.681521;7.867562;5.375
174;1.125;0;5.125;2.681521;7.867562;5.125
175;1.125;0;4.875;2.681521;7.867562;4.875
176;1.125;0;4.625;2.681521;7.867562;4.625
177;1.125;0;4.375;2.681521;7.867562;4.375
178;1.125;0;4.125;2.681521;7.867562;4.125
179;1.125;0;3.875;2.681521;7.867562;3.875
180;1.125;0;3.625;2.681521;7.867562;3.625
181;1.125;0;3.375;2.681759;7.867643;3.375
182;1.125;0;3.125;2.696697;7.872748;3.125
183;1.125;0;2.875;2.734506;7.885779;2.875
184;1.125;0;2.625;2.794256;7.906697;2.625
185;1.125;0;2.375;2.874581;7.935439;2.375
186;1.125;0;2.125;2.973812;7.971922;2.125
187;1.125;0;1.875;3.09013;8.016039;1.875
188;1.125;0;1.625;3.221685;8.067666;1.625
189;1.125;0;1.375;3.366689;8.126659;1.375
190;1.125;0;1.125;3.523484;8.192858;1.125
191;1.125;0;0.875;3.690567;8.266092;0.875
192;1.125;0;0.625;3.866605;8.346174;0.625
193;1.125;0;0.375;4.05043;8.432909;0.375
194;1.125;0;0.125;4.241029;8.526096;0.125
195;1.375;0;9.625;4.865459;8.705611;9.625
196;1.375;0;9.375;4.650596;8.587374;9.375
197;1.375;0;9.125;4.439413;8.474866;9.125
198;1.375;0;8.875;4.232461;8.368315;8.875
199;1.375;0;8.625;4.030394;8.267952;8.625
200;1.375;0;8.375;3.833982;8.174007;8.375
201;1.375;0;8.125;3.644142;8.086701;8.125
202;1.375;0;7.875;3.461952;8.006252;7.875
203;1.375;0;7.625;3.288686;7.93287;7.625
204;1.375;0;7.375;3.125829;7.866751;7.375
205;1.375;0;7.125;2.975088;7.80808;7.125
206;1.375;0;6.875;2.838397;7.757026;6.875
207;1.375;0;6.625;2.717874;7.713741;6.625
208;1.375;0;6.375;2.615758;7.678356;6.375
209;1.375;0;6.125;2.534272;7.65098;6.125
210;1.375;0;5.875;2.475455;7.6317;5.875
211;1.375;0;5.625;2.440947;7.620576;5.625
212;1.375;0;5.375;2.431521;7.617562;5.375
213;1.375;0;5.125;2.431521;7.617562;5.125
214;1.375;0;4.875;2.431521;7.617562;4.875
215;1.375;0;4.625;2.431521;7.617562;4.625
216;1.375;0;4.375;2.431521;7.617562;4.375
217;1.375;0;4.125;2.431521;7.617562;4.125
218;1.375;0;3.875;2.431521;7.617562;3.875
219;1.375;0;3.625;2.431521;7.617562;3.625
220;1.375;0;3.375;2.431783;7.617646;3.375
221;1.375;0;3.125;2.448248;7.622918;3.125
222;1.375;0;2.875;2.489832;7.636375;2.875
223;1.375;0;2.625;2.55531;7.657974;2.625
224;1.375;0;2.375;2.642906;7.687647;2.375
225;1.375;0;2.125;2.750509;7.7253;2.125
226;1.375;0;1.875;2.875873;7.770818;1.875
227;1.375;0;1.625;3.016785;7.824062;1.625
228;1.375;0;1.375;3.171173;7.884878;1.375
229;1.375;0;1.125;3.337167;7.95309;1.125
230;1.375;0;0.875;3.513122;8.028511;0.875
231;1.375;0;0.625;3.697617;8.110939;0.625
232;1.375;0;0.375;3.889437;8.200163;0.375
233;1.375;0;0.125;4.08755;8.295964;0.125
234;1.625;0;9.625;4.745464;8.487719;9.625
235;1.625;0;9.375;4.524906;8.366404;9.375
236;1.625;0;9.125;4.307566;8.250883;9.125
237;1.625;0;8.875;4.093955;8.141401;8.875
238;1.625;0;8.625;3.88469;8.038206;8.625
239;1.625;0;8.375;3.680511;7.941543;8.375
240;1.625;0;8.125;3.482313;7.851653;8.125
241;1.625;0;7.875;3.291178;7.76877;7.875
242;1.625;0;7.625;3.108408;7.693123;7.625
243;1.625;0;7.375;2.935565;7.624925;7.375
244;1.625;0;7.125;2.774507;7.564379;7.125
245;1.625;0;6.875;2.627401;7.511669;6.875
246;1.625;0;6.625;2.496714;7.466962;6.625
247;1.625;0;6.375;2.385147;7.430402;6.375
248;1.625;0;6.125;2.29549;7.402109;6.125
249;1.625;0;5.875;2.230385;7.382178;5.875
250;1.625;0;5.625;2.192023;7.370679;5.625
251;1.625;0;5.375;2.181521;7.367562;5.375
252;1.625;0;5.125;2.181521;7.367562;5.125
253;1.625;0;4.875;2.181521;7.367562;4.875
254;1.625;0;4.625;2.181521;7.367562;4.625
255;1.625;0;4.375;2.181521;7.367562;4.375
256;1.625;0;4.125;2.181521;7.367562;4.125
257;1.625;0;3.875;2.181521;7.367562;3.875
258;1.625;0;3.625;2.181521;7.367562;3.625
259;1.625;0;3.375;2.181813;7.367649;3.375
260;1.625;0;3.125;2.200149;7.3731;3.125
261;1.625;0;2.875;2.246331;7.387012;2.875
262;1.625;0;2.625;2.318695;7.409338;2.625
263;1.625;0;2.375;2.41489;7.440002;2.375
264;1.625;0;2.125;2.5322;7.478902;2.125
265;1.625;0;1.875;2.667843;7.52591;1.875
266;1.625;0;1.625;2.819172;7.580875;1.625
267;1.625;0;1.375;2.983802;7.643626;1.375
268;1.625;0;1.125;3.159655;7.713972;1.125
269;1.625;0;0.875;3.344961;7.791708;0.875
270;1.625;0;0.625;3.538236;7.876614;0.625
271;1.625;0;0.375;3.738243;7.968463;0.375
272;1.625;0;0.125;3.943958;8.067016;0.125
273;1.875;0;9.625;4.635857;8.271644;9.625
274;1.875;0;9.375;4.409821;8.147112;9.375
275;1.875;0;9.125;4.18651;8.028436;9.125
276;1.875;0;8.875;3.966385;7.915878;8.875
277;1.875;0;8.625;3.750007;7.809704;8.625
278;1.875;0;8.375;3.538064;7.710176;8.375
279;1.875;0;8.125;3.331403;7.617556;8.125
280;1.875;0;7.875;3.131069;7.532099;7.875
281;1.875;0;7.625;2.938356;7.45405;7.625
282;1.875;0;7.375;2.754865;7.383644;7.375
283;1.875;0;7.125;2.582562;7.321103;7.125
284;1.875;0;6.875;2.423835;7.266629;6.875
285;1.875;0;6.625;2.281517;7.220404;6.625
286;1.875;0;6.375;2.158858;7.182589;6.375
287;1.875;0;6.125;2.059372;7.153316;6.125
288;1.875;0;5.875;1.986544;7.132691;5.875
289;1.875;0;5.625;1.943374;7.120788;5.625
290;1.875;0;5.375;1.931521;7.117562;5.375
291;1.875;0;5.125;1.931521;7.117562;5.125
292;1.875;0;4.875;1.931521;7.117562;4.875
293;1.875;0;4.625;1.931521;7.117562;4.625
294;1.875;0;4.375;1.931521;7.117562;4.375
295;1.875;0;4.125;1.931521;7.117562;4.125
296;1.875;0;3.875;1.931521;7.117562;3.875
297;1.875;0;3.625;1.931521;7.117562;3.625
298;1.875;0;3.375;1.931851;7.117652;3.375
299;1.875;0;3.125;1.952535;7.123294;3.125
300;1.875;0;2.875;2.00443;7.137693;2.875
301;1.875;0;2.625;2.085206;7.160797;2.625
302;1.875;0;2.375;2.191673;7.192521;2.375
303;1.875;0;2.125;2.320297;7.232752;2.125
304;1.875;0;1.875;2.467615;7.281349;1.875
305;1.875;0;1.625;2.630488;7.338146;1.625
306;1.875;0;1.375;2.80621;7.402954;1.375
307;1.875;0;1.125;2.992517;7.475566;1.125
308;1.875;0;0.875;3.187555;7.555755;0.875
309;1.875;0;0.625;3.389816;7.643283;0.625
310;1.875;0;0.375;3.598082;7.737901;0.375
311;1.875;0;0.125;3.81137;7.839354;0.125
312;2.125;0;9.625;4.53739;8.057531;9.625
313;2.125;0;9.375;4.306188;7.929638;9.375
314;2.125;0;9.125;4.077205;7.807657;9.125
315;2.125;0;8.875;3.850837;7.691869;8.875
316;2.125;0;8.625;3.627574;7.582559;8.625
317;2.125;0;8.375;3.408026;7.480009;8.375
318;2.125;0;8.125;3.192959;7.384503;8.125
319;2.125;0;7.875;2.983342;7.296316;7.875
320;2.125;0;7.625;2.780409;7.215717;7.625
321;2.125;0;7.375;2.585734;7.142963;7.375
322;2.125;0;7.125;2.401326;7.078296;7.125
323;2.125;0;6.875;2.229734;7.021938;6.875
324;2.125;0;6.625;2.074141;6.974092;6.625
325;2.125;0;6.375;1.938403;6.934934;6.375
326;2.125;0;6.125;1.826951;6.904611;6.125
327;2.125;0;5.875;1.744447;6.88324;5.875
328;2.125;0;5.625;1.695123;6.870906;5.625
329;2.125;0;5.375;1.681521;6.867562;5.375
330;2.125;0;5.125;1.681521;6.867562;5.125
331;2.125;0;4.875;1.681521;6.867562;4.875
332;2.125;0;4.625;1.681521;6.867562;4.625
333;2.125;0;4.375;1.681521;6.867562;4.375
334;2.125;0;4.125;1.681521;6.867562;4.125
335;2.125;0;3.875;1.681521;6.867562;3.875
336;2.125;0;3.625;1.681521;6.867562;3.625
337;2.125;0;3.375;1.6819;6.867655;3.375
338;2.125;0;3.125;1.705618;6.873502;3.125
339;2.125;0;2.875;1.764789;6.888424;2.875
340;2.125;0;2.625;1.856024;6.91236;2.625
341;2.125;0;2.375;1.974885;6.945219;2.375
342;2.125;0;2.125;2.116723;6.986875;2.125
343;2.125;0;1.875;2.277249;7.03717;1.875
344;2.125;0;1.625;2.452796;7.095922;1.625
345;2.125;0;1.375;2.64037;7.162922;1.375
346;2.125;0;1.125;2.837587;7.237942;1.125
347;2.125;0;0.875;3.042572;7.320734;0.875
348;2.125;0;0.625;3.253858;7.411038;0.625
349;2.125;0;0.375;3.470293;7.508584;0.375
350;2.125;0;0.125;3.690973;7.613093;0.125
351;2.375;0;9.625;4.450803;7.845542;9.625
352;2.375;0;9.375;4.214854;7.714135;9.375
353;2.375;0;9.125;3.980621;7.58869;9.125
354;2.375;0;8.875;3.748425;7.469509;8.875
355;2.375;0;8.625;3.518669;7.356896;8.625
356;2.375;0;8.375;3.291866;7.251156;8.375
357;2.375;0;8.125;3.068668;7.152594;8.125
358;2.375;0;7.875;2.849925;7.061512;7.875
359;2.375;0;7.625;2.636743;6.978201;7.625
360;2.375;0;7.375;2.430589;6.902944;7.375
361;2.375;0;7.125;2.233407;6.836007;7.125
362;2.375;0;6.875;2.047792;6.777635;6.875
363;2.375;0;6.625;1.877178;6.728052;6.625
364;2.375;0;6.375;1.72602;6.687453;6.375
365;2.375;0;6.125;1.599841;6.656003;6.125
366;2.375;0;5.875;1.504937;6.633831;5.875
367;2.375;0;5.625;1.447474;6.621032;5.625
368;2.375;0;5.375;1.431521;6.617562;5.375
369;2.375;0;5.125;1.431521;6.617562;5.125
370;2.375;0;4.875;1.431521;6.617562;4.875
371;2.375;0;4.625;1.431521;6.617562;4.625
372;2.375;0;4.375;1.431521;6.617562;4.375
373;2.375;0;4.125;1.431521;6.617562;4.125
374;2.375;0;3.875;1.431521;6.617562;3.875
375;2.375;0;3.625;1.431521;6.617562;3.625
376;2.375;0;3.375;1.431966;6.617659;3.375
377;2.375;0;3.125;1.459751;6.623726;3.125
378;2.375;0;2.875;1.528469;6.639209;2.875
379;2.375;0;2.625;1.632962;6.664041;2.625
380;2.375;0;2.375;1.766893;6.698118;2.375
381;2.375;0;2.125;1.924125;6.741301;2.125
382;2.375;0;1.875;2.099429;6.793415;1.875
383;2.375;0;1.625;2.288656;6.854256;1.625
384;2.375;0;1.375;2.488633;6.923595;1.375
385;2.375;0;1.125;2.696968;7.00118;1.125
386;2.375;0;0.875;2.91187;7.086739;0.875
387;2.375;0;0.625;3.131985;7.179987;0.625
388;2.375;0;0.375;3.356289;7.280629;0.375
389;2.375;0;0.125;3.583995;7.388363;0.125
390;2.625;0;9.625;4.376801;7.635853;9.625
391;2.625;0;9.375;4.136633;7.500773;9.375
392;2.625;0;9.125;3.897702;7.371699;9.125
393;2.625;0;8.875;3.66025;7.248951;8.875
394;2.625;0;8.625;3.424584;7.132856;8.625
395;2.625;0;8.375;3.1911;7.023744;8.375
396;2.625;0;8.125;2.960315;6.921945;8.125
397;2.625;0;7.875;2.732912;6.827787;7.875
398;2.625;0;7.625;2.509812;6.741588;7.625
399;2.625;0;7.375;2.29227;6.66366;7.375
400;2.625;0;7.125;2.082029;6.594293;7.125
401;2.625;0;6.875;1.88154;6.533762;6.875
402;2.625;0;6.625;1.694266;6.482314;6.625
403;2.625;0;6.375;1.525085;6.440166;6.375
404;2.625;0;6.125;1.380663;6.407503;6.125
405;2.625;0;5.875;1.269478;6.384468;5.875
406;2.625;0;5.625;1.2008;6.371168;5.625
407;2.625;0;5.375;1.181521;6.367562;5.375
408;2.625;0;5.125;1.181521;6.367562;5.125
409;2.625;0;4.875;1.181521;6.367562;4.875
410;2.625;0;4.625;1.181521;6.367562;4.625
411;2.625;0;4.375;1.181521;6.367562;4.375
412;2.625;0;4.125;1.181521;6.367562;4.125
413;2.625;0;3.875;1.181521;6.367562;3.875
414;2.625;0;3.625;1.181521;6.367562;3.625
415;2.625;0;3.375;1.18206;6.367662;3.375
416;2.625;0;3.125;1.215571;6.373968;3.125
417;2.625;0;2.875;1.297289;6.390056;2.875
418;2.625;0;2.625;1.418909;6.415852;2.625
419;2.625;0;2.375;1.571194;6.451241;2.375
420;2.625;0;2.125;1.746137;6.496065;2.125
421;2.625;0;1.875;1.937612;6.55013;1.875
422;2.625;0;1.625;2.141188;6.61321;1.625
423;2.625;0;1.375;2.353727;6.68505;1.375
424;2.625;0;1.125;2.57301;6.76537;1.125
425;2.625;0;0.875;2.79745;6.853874;0.875
426;2.625;0;0.625;3.0259;6.950247;0.625
427;2.625;0;0.375;3.257517;7.054167;0.375
428;2.625;0;0.125;3.49167;7.165307;0.125
429;2.875;0;9.625;4.316032;7.428659;9.625
430;2.875;0;9.375;4.072281;7.28974;9.375
431;2.875;0;9.125;3.829337;7.156861;9.125
432;2.875;0;8.875;3.587362;7.030363;8.875
433;2.875;0;8.625;3.346567;6.910597;8.625
434;2.875;0;8.375;3.107227;6.797918;8.375
435;2.875;0;8.125;2.869704;6.692686;8.125
436;2.875;0;7.875;2.634492;6.595255;7.875
437;2.875;0;7.625;2.402269;6.505977;7.625
438;2.875;0;7.375;2.173992;6.425191;7.375
439;2.875;0;7.125;1.951047;6.353222;7.125
440;2.875;0;6.875;1.735492;6.290371;6.875
441;2.875;0;6.625;1.53045;6.236916;6.625
442;2.875;0;6.375;1.340755;6.193098;6.375
443;2.875;0;6.125;1.173869;6.159124;6.125
444;2.875;0;5.875;1.040824;6.135157;5.875
445;2.875;0;5.625;0.955856;6.121315;5.625
446;2.875;0;5.375;0.931521;6.117562;5.375
447;2.875;0;5.125;0.931521;6.117562;5.125
448;2.875;0;4.875;0.931521;6.117562;4.875
449;2.875;0;4.625;0.931521;6.117562;4.625
450;2.875;0;4.375;0.931521;6.117562;4.375
451;2.875;0;4.125;0.931521;6.117562;4.125
452;2.875;0;3.875;0.931521;6.117562;3.875
453;2.875;0;3.625;0.931521;6.117562;3.625
454;2.875;0;3.375;0.932205;6.117667;3.375
455;2.875;0;3.125;0.974347;6.12423;3.125
456;2.875;0;2.875;1.074569;6.140972;2.875
457;2.875;0;2.625;1.218623;6.16781;2.625
458;2.875;0;2.375;1.392978;6.204613;2.375
459;2.875;0;2.125;1.587682;6.251206;2.125
460;2.875;0;1.875;1.796129;6.30737;1.875
461;2.875;0;1.625;2.014057;6.372854;1.625
462;2.875;0;1.375;2.238699;6.447372;1.375
463;2.875;0;1.125;2.468222;6.530617;1.125
464;2.875;0;0.875;2.701382;6.622258;0.875
465;2.875;0;0.625;2.937313;6.721953;0.625
466;2.875;0;0.375;3.175398;6.829348;0.375
467;2.875;0;0.125;3.415187;6.944087;0.125
468;3.125;0;9.625;4.269059;7.224174;9.625
469;3.125;0;9.375;4.022464;7.081245;9.375
470;3.125;0;9.125;3.776316;6.944377;9.125
471;3.125;0;8.875;3.530709;6.813936;8.875
472;3.125;0;8.625;3.285765;6.690297;8.625
473;3.125;0;8.375;3.041644;6.573843;8.375
474;3.125;0;8.125;2.798561;6.464964;8.125
475;3.125;0;7.875;2.556812;6.364048;7.875
476;3.125;0;7.625;2.316815;6.271479;7.625
477;3.125;0;7.375;2.079178;6.187633;7.375
478;3.125;0;7.125;1.84481;6.112867;7.125
479;3.125;0;6.875;1.615138;6.047519;6.875
480;3.125;0;6.625;1.392486;5.991897;6.625
481;3.125;0;6.375;1.180831;5.946274;6.375
482;3.125;0;6.125;0.987273;5.910882;6.125
483;3.125;0;5.875;0.824654;5.885904;5.875
484;3.125;0;5.625;0.714423;5.871475;5.625
485;3.125;0;5.375;0.681521;5.867562;5.375
486;3.125;0;5.125;0.681521;5.867562;5.125
487;3.125;0;4.875;0.681521;5.867562;4.875
488;3.125;0;4.625;0.681521;5.867562;4.625
489;3.125;0;4.375;0.681521;5.867562;4.375
490;3.125;0;4.125;0.681521;5.867562;4.125
491;3.125;0;3.875;0.681521;5.867562;3.875
492;3.125;0;3.625;0.681521;5.867562;3.625
493;3.125;0;3.375;0.682455;5.867671;3.375
494;3.125;0;3.125;0.73898;5.874514;3.125
495;3.125;0;2.875;0.866855;5.891965;2.875
496;3.125;0;2.625;1.040088;5.919932;2.625
497;3.125;0;2.375;1.23981;5.958267;2.375
498;3.125;0;2.125;1.455154;6.00677;2.125
499;3.125;0;1.875;1.680125;6.065199;1.875
500;3.125;0;1.625;1.911326;6.133269;1.625
501;3.125;0;1.375;2.146744;6.210663;1.375
502;3.125;0;1.125;2.385132;6.297037;1.125
503;3.125;0;0.875;2.625681;6.392028;0.875
504;3.125;0;0.625;2.867847;6.495257;0.625
505;3.125;0;0.375;3.111253;6.606339;0.375
506;3.125;0;0.125;3.355628;6.724883;0.125
507;3.375;0;9.625;4.236344;7.022635;9.625
508;3.375;0;9.375;3.987725;6.875518;9.375
509;3.375;0;9.125;3.739291;6.734471;9.125
510;3.375;0;8.875;3.491081;6.599882;8.875
511;3.375;0;8.625;3.243145;6.472155;8.625
512;3.375;0;8.375;2.995553;6.351703;8.375
513;3.375;0;8.125;2.748396;6.238949;8.125
514;3.375;0;7.875;2.501805;6.134315;7.875
515;3.375;0;7.625;2.255964;6.038226;7.625
516;3.375;0;7.375;2.011149;5.951094;7.375
517;3.375;0;7.125;1.767785;5.873318;7.125
518;3.375;0;6.875;1.526568;5.805274;6.875
519;3.375;0;6.625;1.288703;5.747308;6.625
520;3.375;0;6.375;1.056457;5.699728;6.375
521;3.375;0;6.125;0.834534;5.662795;6.125
522;3.375;0;5.875;0.633872;5.636718;5.875
523;3.375;0;5.625;0.481808;5.621649;5.625
524;3.375;0;5.375;0.431521;5.617562;5.375
525;3.375;0;5.125;0.431521;5.617562;5.125
526;3.375;0;4.875;0.431521;5.617562;4.875
527;3.375;0;4.625;0.431521;5.617562;4.625
528;3.375;0;4.375;0.431521;5.617562;4.375
529;3.375;0;4.125;0.431521;5.617562;4.125
530;3.375;0;3.875;0.431521;5.617562;3.875
531;3.375;0;3.625;0.431521;5.617562;3.625
532;3.375;0;3.375;0.432995;5.617676;3.375
533;3.375;0;3.125;0.517523;5.624822;3.125
534;3.375;0;2.875;0.687878;5.643046;2.875
535;3.375;0;2.625;0.896394;5.672241;2.625
536;3.375;0;2.375;1.121993;5.712238;2.375
537;3.375;0;2.125;1.356176;5.762813;2.125
538;3.375;0;1.875;1.595167;5.823689;1.875
539;3.375;0;1.625;1.837091;5.894548;1.625
540;3.375;0;1.375;2.080925;5.975035;1.375
541;3.375;0;1.125;2.326069;6.064767;1.125
542;3.375;0;0.875;2.572147;6.163338;0.875
543;3.375;0;0.625;2.818916;6.270334;0.625
544;3.375;0;0.375;3.066208;6.385329;0.375
545;3.375;0;0.125;3.313907;6.507901;0.125
546;3.625;0;9.625;4.218216;6.824304;9.625
547;3.625;0;9.375;3.968462;6.672816;9.375
548;3.625;0;9.125;3.718741;6.52739;9.125
549;3.625;0;8.875;3.469061;6.38844;8.875
550;3.625;0;8.625;3.21943;6.256397;8.625
551;3.625;0;8.375;2.969861;6.131709;8.375
552;3.625;0;8.125;2.720371;6.014831;8.125
553;3.625;0;7.875;2.470985;5.906229;7.875
554;3.625;0;7.625;2.221736;5.806366;7.625
555;3.625;0;7.375;1.972678;5.715701;7.375
556;3.625;0;7.125;1.723892;5.634677;7.125
557;3.625;0;6.875;1.475517;5.563715;6.875
558;3.625;0;6.625;1.227801;5.503206;6.625
559;3.625;0;6.375;0.981245;5.453496;6.375
560;3.625;0;6.125;0.737012;5.414884;6.125
561;3.625;0;5.875;0.49853;5.387607;5.875
562;3.625;0;5.625;0.280853;5.371839;5.625
563;3.625;0;5.375;0.181521;5.367562;5.375
564;3.625;0;5.125;0.181521;5.367562;5.125
565;3.625;0;4.875;0.181521;5.367562;4.875
566;3.625;0;4.625;0.181521;5.367562;4.625
567;3.625;0;4.375;0.181521;5.367562;4.375
568;3.625;0;4.125;0.181521;5.367562;4.125
569;3.625;0;3.875;0.181521;5.367562;3.875
570;3.625;0;3.625;0.181521;5.367562;3.625
571;3.625;0;3.375;0.184997;5.367681;3.375
572;3.625;0;3.125;0.338481;5.37516;3.125
573;3.625;0;2.875;0.565611;5.394228;2.875
574;3.625;0;2.625;0.806388;5.424762;2.625
575;3.625;0;2.375;1.051478;5.46657;2.375
576;3.625;0;2.125;1.298442;5.519396;2.125
577;3.625;0;1.875;1.546382;5.582927;1.875
578;3.625;0;1.625;1.794894;5.656803;1.625
579;3.625;0;1.375;2.043768;5.740624;1.375
580;3.625;0;1.125;2.292888;5.833962;1.125
581;3.625;0;0.875;2.54218;5.936367;0.875
582;3.625;0;0.625;2.791599;6.04738;0.625
583;3.625;0;0.375;3.041114;6.166535;0.375
584;3.625;0;0.125;3.290702;6.293369;0.125
585;3.875;0;9.625;4.214309;6.629468;9.625
586;3.875;0;9.375;3.964309;6.473422;9.375
587;3.875;0;9.125;3.714309;6.323412;9.125
588;3.875;0;8.875;3.464309;6.179877;8.875
589;3.875;0;8.625;3.214309;6.043279;8.625
590;3.875;0;8.375;2.964309;5.914099;8.375
591;3.875;0;8.125;2.714309;5.792833;8.125
592;3.875;0;7.875;2.464309;5.679988;7.875
593;3.875;0;7.625;2.214309;5.576075;7.625
594;3.875;0;7.375;1.964309;5.481601;7.375
595;3.875;0;7.125;1.714309;5.397064;7.125
596;3.875;0;6.875;1.464309;5.322936;6.875
597;3.875;0;6.625;1.214309;5.259657;6.625
598;3.875;0;6.375;0.964309;5.207623;6.375
599;3.875;0;6.125;0.714309;5.167174;6.125
600;3.875;0;5.875;0.464309;5.138582;5.875
601;3.875;0;5.625;0.214309;5.122048;5.625
602;3.875;0;5.375;0;5.117562;5.375
603;3.875;0;5.125;0;5.117562;5.125
604;3.875;0;4.875;0;5.117562;4.875
605;3.875;0;4.625;0;5.117562;4.625
606;3.875;0;4.375;0;5.117562;4.375
607;3.875;0;4.125;0;5.117562;4.125
608;3.875;0;3.875;0;5.117562;3.875
609;3.875;0;3.625;0;5.117562;3.625
610;3.875;0;3.375;0.035691;5.117687;3.375
611;3.875;0;3.125;0.285691;5.125531;3.125
612;3.875;0;2.875;0.535691;5.145523;2.875
613;3.875;0;2.625;0.785691;5.177524;2.625
614;3.875;0;2.375;1.035691;5.221312;2.375
615;3.875;0;2.125;1.285691;5.276594;2.125
616;3.875;0;1.875;1.535691;5.343014;1.875
617;3.875;0;1.625;1.785691;5.42016;1.625
618;3.875;0;1.375;2.035691;5.507584;1.375
619;3.875;0;1.125;2.285691;5.604804;1.125
620;3.875;0;0.875;2.535691;5.71132;0.875
621;3.875;0;0.625;2.785691;5.826622;0.625
622;3.875;0;0.375;3.035691;5.950199;0.375
623;3.875;0;0.125;3.285691;6.081547;0.125
624;4.125;0;9.625;4.214309;6.438444;9.625
625;4.125;0;9.375;3.964309;6.277651;9.375
626;4.125;0;9.125;3.714309;6.122847;9.125
627;4.125;0;8.875;3.464309;5.974496;8.875
628;4.125;0;8.625;3.214309;5.83309;8.625
629;4.125;0;8.375;2.964309;5.699148;8.375
630;4.125;0;8.125;2.714309;5.573207;8.125
631;4.125;0;7.875;2.464309;5.455821;7.875
632;4.125;0;7.625;2.214309;5.347553;7.625
633;4.125;0;7.375;1.964309;5.248969;7.375
634;4.125;0;7.125;1.714309;5.160622;7.125
635;4.125;0;6.875;1.464309;5.083047;6.875
636;4.125;0;6.625;1.214309;5.016743;6.625
637;4.125;0;6.375;0.964309;4.962162;6.375
638;4.125;0;6.125;0.714309;4.919695;6.125
639;4.125;0;5.875;0.464309;4.889657;5.875
640;4.125;0;5.625;0.214309;4.872278;5.625
641;4.125;0;5.375;0;4.867562;5.375
642;4.125;0;5.125;0;4.867562;5.125
643;4.125;0;4.875;0;4.867562;4.875
644;4.125;0;4.625;0;4.867562;4.625
645;4.125;0;4.375;0;4.867562;4.375
646;4.125;0;4.125;0;4.867562;4.125
647;4.125;0;3.875;0;4.867562;3.875
648;4.125;0;3.625;0;4.867562;3.625
649;4.125;0;3.375;0.035691;4.867693;3.375
650;4.125;0;3.125;0.285691;4.875939;3.125
651;4.125;0;2.875;0.535691;4.896951;2.875
652;4.125;0;2.625;0.785691;4.930565;2.625
653;4.125;0;2.375;1.035691;4.976527;2.375
654;4.125;0;2.125;1.285691;5.034498;2.125
655;4.125;0;1.875;1.535691;5.104068;1.875
656;4.125;0;1.625;1.785691;5.184772;1.625
657;4.125;0;1.375;2.035691;5.276097;1.375
658;4.125;0;1.125;2.285691;5.377504;1.125
659;4.125;0;0.875;2.535691;5.488433;0.875
660;4.125;0;0.625;2.785691;5.608319;0.625
661;4.125;0;0.375;3.035691;5.736601;0.375
662;4.125;0;0.125;3.285691;5.872728;0.125
663;4.375;0;9.625;4.217675;6.251582;9.625
664;4.375;0;9.375;3.967887;6.085855;9.375
665;4.375;0;9.125;3.718128;5.926042;9.125
666;4.375;0;8.875;3.468403;5.772635;8.875
667;4.375;0;8.625;3.218721;5.626159;8.625
668;4.375;0;8.375;2.969093;5.487168;8.375
669;4.375;0;8.125;2.719532;5.356244;8.125
670;4.375;0;7.875;2.470061;5.233995;7.875
671;4.375;0;7.625;2.220709;5.12104;7.625
672;4.375;0;7.375;1.971521;5.018007;7.375
673;4.375;0;7.125;1.722568;4.925519;7.125
674;4.375;0;6.875;1.473969;4.84418;6.875
675;4.375;0;6.625;1.225941;4.774561;6.625
676;4.375;0;6.375;0.978916;4.717179;6.375
677;4.375;0;6.125;0.733909;4.672485;6.125
678;4.375;0;5.875;0.493931;4.640848;5.875
679;4.375;0;5.625;0.272604;4.622533;5.625
680;4.375;0;5.375;0.168479;4.617562;5.375
681;4.375;0;5.125;0.168479;4.617562;5.125
682;4.375;0;4.875;0.168479;4.617562;4.875
683;4.375;0;4.625;0.168479;4.617562;4.625
684;4.375;0;4.375;0.168479;4.617562;4.375
685;4.375;0;4.125;0.168479;4.617562;4.125
686;4.375;0;3.875;0.168479;4.617562;3.875
687;4.375;0;3.625;0.168479;4.617562;3.625
688;4.375;0;3.375;0.172218;4.6177;3.375
689;4.375;0;3.125;0.331669;4.626392;3.125
690;4.375;0;2.875;0.561561;4.648532;2.875
691;4.375;0;2.625;0.803552;4.683929;2.625
692;4.375;0;2.375;1.049305;4.732287;2.375
693;4.375;0;2.125;1.296683;4.793212;2.125
694;4.375;0;1.875;1.544906;4.866234;1.875
695;4.375;0;1.625;1.793622;4.950816;1.625
696;4.375;0;1.375;2.042651;5.046377;1.375
697;4.375;0;1.125;2.291892;5.152307;1.125
698;4.375;0;0.875;2.541282;5.26798;0.875
699;4.375;0;0.625;2.790782;5.392769;0.625
700;4.375;0;0.375;3.040363;5.526057;0.375
701;4.375;0;0.125;3.290008;5.667244;0.125
702;4.625;0;9.625;4.235035;6.069267;9.625
703;4.625;0;9.375;3.986335;5.898419;9.375
704;4.625;0;9.125;3.737809;5.733384;9.125
705;4.625;0;8.875;3.489493;5.574678;8.875
706;4.625;0;8.625;3.241435;5.422857;8.625
707;4.625;0;8.375;2.993702;5.278516;8.375
708;4.625;0;8.125;2.746379;5.142283;8.125
709;4.625;0;7.875;2.499588;5.01482;7.875
710;4.625;0;7.625;2.253505;4.896812;7.625
711;4.625;0;7.375;2.008391;4.788957;7.375
712;4.625;0;7.125;1.764647;4.691956;7.125
713;4.625;0;6.875;1.522933;4.606496;6.875
714;4.625;0;6.625;1.284395;4.533227;6.625
715;4.625;0;6.375;1.051197;4.47275;6.375
716;4.625;0;6.125;0.827865;4.425589;6.125
717;4.625;0;5.875;0.625065;4.392173;5.875
718;4.625;0;5.625;0.470162;4.372817;5.625
719;4.625;0;5.375;0.418479;4.367562;5.375
720;4.625;0;5.125;0.418479;4.367562;5.125
721;4.625;0;4.875;0.418479;4.367562;4.875
722;4.625;0;4.625;0.418479;4.367562;4.625
723;4.625;0;4.375;0.418479;4.367562;4.375
724;4.625;0;4.125;0.418479;4.367562;4.125
725;4.625;0;3.875;0.418479;4.367562;3.875
726;4.625;0;3.625;0.418479;4.367562;3.625
727;4.625;0;3.375;0.419998;4.367708;3.375
728;4.625;0;3.125;0.506699;4.376896;3.125
729;4.625;0;2.875;0.679772;4.400292;2.875
730;4.625;0;2.625;0.890188;4.43767;2.625
731;4.625;0;2.375;1.117041;4.488681;2.375
732;4.625;0;2.125;1.352082;4.552868;2.125
733;4.625;0;1.875;1.591689;4.629681;1.875
734;4.625;0;1.625;1.834071;4.718506;1.625
735;4.625;0;1.375;2.07826;4.818676;1.375
736;4.625;0;1.125;2.323684;4.929502;1.125
737;4.625;0;0.875;2.569991;5.05028;0.875
738;4.625;0;0.625;2.816949;5.180316;0.625
739;4.625;0;0.375;3.0644;5.318931;0.375
740;4.625;0;0.125;3.312234;5.465471;0.125
741;4.875;0;9.625;4.266997;5.89192;9.625
742;4.875;0;9.375;4.020274;5.715773;9.375
743;4.875;0;9.125;3.773984;5.545305;9.125
744;4.875;0;8.875;3.528214;5.381055;8.875
745;4.875;0;8.625;3.283084;5.22361;8.625
746;4.875;0;8.375;3.038748;5.073603;8.375
747;4.875;0;8.125;2.795413;4.931713;8.125
748;4.875;0;7.875;2.553366;4.79866;7.875
749;4.875;0;7.625;2.313012;4.675199;7.625
750;4.875;0;7.375;2.074939;4.562108;7.375
751;4.875;0;7.125;1.840032;4.460177;7.125
752;4.875;0;6.875;1.609678;4.370185;6.875
753;4.875;0;6.625;1.386149;4.292886;6.625
754;4.875;0;6.375;1.173352;4.228973;6.375
755;4.875;0;6.125;0.978315;4.179062;6.125
756;4.875;0;5.875;0.813908;4.143658;5.875
757;4.875;0;5.625;0.701991;4.123136;5.625
758;4.875;0;5.375;0.668479;4.117562;5.375
759;4.875;0;5.125;0.668479;4.117562;5.125
760;4.875;0;4.875;0.668479;4.117562;4.875
761;4.875;0;4.625;0.668479;4.117562;4.625
762;4.875;0;4.375;0.668479;4.117562;4.375
763;4.875;0;4.125;0.668479;4.117562;4.125
764;4.875;0;3.875;0.668479;4.117562;3.875
765;4.875;0;3.625;0.668479;4.117562;3.625
766;4.875;0;3.375;0.669431;4.117717;3.375
767;4.875;0;3.125;0.726968;4.127462;3.125
768;4.875;0;2.875;0.856638;4.152263;2.875
769;4.875;0;2.625;1.031588;4.191853;2.625
770;4.875;0;2.375;1.232688;4.245819;2.375
771;4.875;0;2.125;1.449091;4.313621;2.125
772;4.875;0;1.875;1.674877;4.394618;1.875
773;4.875;0;1.625;1.906714;4.488097;1.625
774;4.875;0;1.375;2.142639;4.593295;1.375
775;4.875;0;1.125;2.381438;4.709427;1.125
776;4.875;0;0.875;2.622326;4.835706;0.875
777;4.875;0;0.625;2.864776;4.971358;0.625
778;4.875;0;0.375;3.108422;5.115637;0.375
779;4.875;0;0.125;3.353003;5.267835;0.125
780;5.125;0;9.625;4.313235;5.720003;9.625
781;5.125;0;9.375;4.069318;5.538392;9.375
782;5.125;0;9.125;3.826185;5.362288;9.125
783;5.125;0;8.875;3.583997;5.192251;8.875
784;5.125;0;8.625;3.34296;5.028898;8.625
785;5.125;0;8.375;3.103341;4.872901;8.375
786;5.125;0;8.125;2.865497;4.724988;8.125
787;5.125;0;7.875;2.629909;4.585941;7.875
788;5.125;0;7.625;2.397241;4.456591;7.625
789;5.125;0;7.375;2.168435;4.337804;7.375
790;5.125;0;7.125;1.944854;4.230472;7.125
791;5.125;0;6.875;1.728526;4.135485;6.875
792;5.125;0;6.625;1.522547;4.053712;6.625
793;5.125;0;6.375;1.331726;3.985967;6.375
794;5.125;0;6.125;1.163546;3.932973;6.125
795;5.125;0;5.875;1.029167;3.895333;5.875
796;5.125;0;5.625;0.94315;3.873496;5.625
797;5.125;0;5.375;0.918479;3.867562;5.375
798;5.125;0;5.125;0.918479;3.867562;5.125
799;5.125;0;4.875;0.918479;3.867562;4.875
800;5.125;0;4.625;0.918479;3.867562;4.625
801;5.125;0;4.375;0.918479;3.867562;4.375
802;5.125;0;4.125;0.918479;3.867562;4.125
803;5.125;0;3.875;0.918479;3.867562;3.875
804;5.125;0;3.625;0.918479;3.867562;3.625
805;5.125;0;3.375;0.919172;3.867727;3.375
806;5.125;0;3.125;0.961885;3.8781;3.125
807;5.125;0;2.875;1.063282;3.904485;2.875
808;5.125;0;2.625;1.208683;3.946562;2.625
809;5.125;0;2.375;1.38429;4.003835;2.375
810;5.125;0;2.125;1.580065;4.075665;2.125
811;5.125;0;1.875;1.7894;4.161296;1.875
812;5.125;0;1.625;2.008058;4.259898;1.625
813;5.125;0;1.375;2.233303;4.370593;1.375
814;5.125;0;1.125;2.463329;4.492485;1.125
815;5.125;0;0.875;2.696912;4.624691;0.875
816;5.125;0;0.625;2.933203;4.766353;0.625
817;5.125;0;0.375;3.171597;4.916651;0.375
818;5.125;0;0.125;3.411652;5.074821;0.125
819;5.375;0;9.625;4.373298;5.554022;9.625
820;5.375;0;9.375;4.132927;5.366796;9.375
821;5.375;0;9.125;3.893768;5.184867;9.125
822;5.375;0;8.875;3.65606;5.008811;8.875
823;5.375;0;8.625;3.420106;4.83927;8.625
824;5.375;0;8.375;3.186294;4.676952;8.375
825;5.375;0;8.125;2.955133;4.522635;8.125
826;5.375;0;7.875;2.727299;4.377165;7.875
827;5.375;0;7.625;2.503698;4.241453;7.625
828;5.375;0;7.375;2.285574;4.116463;7.375
829;5.375;0;7.125;2.074656;4.0032;7.125
830;5.375;0;6.875;1.873377;3.902686;6.875
831;5.375;0;6.625;1.685197;3.815928;6.625
832;5.375;0;6.375;1.515003;3.743882;6.375
833;5.375;0;6.125;1.369518;3.68741;6.125
834;5.375;0;5.875;1.257348;3.647237;5.875
835;5.375;0;5.625;1.187969;3.623905;5.625
836;5.375;0;5.375;1.168479;3.617562;5.375
837;5.375;0;5.125;1.168479;3.617562;5.125
838;5.375;0;4.875;1.168479;3.617562;4.875
839;5.375;0;4.625;1.168479;3.617562;4.625
840;5.375;0;4.375;1.168479;3.617562;4.375
841;5.375;0;4.125;1.168479;3.617562;4.125
842;5.375;0;3.875;1.168479;3.617562;3.875
843;5.375;0;3.625;1.168479;3.617562;3.625
844;5.375;0;3.375;1.169024;3.617739;3.375
845;5.375;0;3.125;1.202897;3.628826;3.125
846;5.375;0;2.875;1.285421;3.65701;2.875
847;5.375;0;2.625;1.408067;3.701901;2.625
848;5.375;0;2.375;1.561409;3.7629;2.375
849;5.375;0;2.125;1.737338;3.83924;2.125
850;5.375;0;1.875;1.929687;3.930026;1.875
851;5.375;0;1.625;2.134019;4.034285;1.625
852;5.375;0;1.375;2.347207;4.151;1.375
853;5.375;0;1.125;2.567046;4.279152;1.125
854;5.375;0;0.875;2.791966;4.417747;0.875
855;5.375;0;0.625;3.020831;4.565833;0.625
856;5.375;0;0.375;3.252809;4.722518;0.375
857;5.375;0;0.125;3.487278;4.886975;0.125
858;5.625;0;9.625;4.446625;5.394523;9.625
859;5.625;0;9.375;4.210442;5.201559;9.375
860;5.625;0;9.125;3.975949;5.013638;9.125
861;5.625;0;8.875;3.743463;4.831347;8.875
862;5.625;0;8.625;3.513383;4.655347;8.625
863;5.625;0;8.375;3.286215;4.48638;8.375
864;5.625;0;8.125;3.062606;4.325269;8.125
865;5.625;0;7.875;2.843396;4.172924;7.875
866;5.625;0;7.625;2.629685;4.03034;7.625
867;5.625;0;7.375;2.42293;3.898588;7.375
868;5.625;0;7.125;2.22507;3.7788;7.125
869;5.625;0;6.875;2.038696;3.672149;6.875
870;5.625;0;6.625;1.867251;3.579808;6.625
871;5.625;0;6.375;1.715218;3.502909;6.375
872;5.625;0;6.125;1.588181;3.442487;6.125
873;5.625;0;5.875;1.492536;3.39942;5.875
874;5.625;0;5.625;1.434576;3.374375;5.625
875;5.625;0;5.375;1.418479;3.367562;5.375
876;5.625;0;5.125;1.418479;3.367562;5.125
877;5.625;0;4.875;1.418479;3.367562;4.875
878;5.625;0;4.625;1.418479;3.367562;4.625
879;5.625;0;4.375;1.418479;3.367562;4.375
880;5.625;0;4.125;1.418479;3.367562;4.125
881;5.625;0;3.875;1.418479;3.367562;3.875
882;5.625;0;3.625;1.418479;3.367562;3.625
883;5.625;0;3.375;1.418928;3.367752;3.375
884;5.625;0;3.125;1.446963;3.379659;3.125
885;5.625;0;2.875;1.516261;3.409904;2.875
886;5.625;0;2.625;1.62154;3.458003;2.625
887;5.625;0;2.375;1.756342;3.523228;2.375
888;5.625;0;2.125;1.914441;3.604647;2.125
889;5.625;0;1.875;2.090557;3.701192;1.875
890;5.625;0;1.625;2.280521;3.811715;1.625
891;5.625;0;1.375;2.481153;3.935037;1.375
892;5.625;0;1.125;2.690068;4.069995;1.125
893;5.625;0;0.875;2.90548;4.215472;0.875
894;5.625;0;0.625;3.126045;4.370418;0.625
895;5.625;0;0.375;3.350747;4.533861;0.375
896;5.625;0;0.125;3.578806;4.704917;0.125
897;5.875;0;9.625;4.532573;5.242098;9.625
898;5.875;0;9.375;4.301112;5.043306;9.375
899;5.875;0;9.125;4.071843;4.849256;9.125
900;5.875;0;8.875;3.84516;4.66054;8.875
901;5.875;0;8.625;3.621547;4.477832;8.625
902;5.875;0;8.375;3.401609;4.301897;8.375
903;5.875;0;8.125;3.186109;4.133602;8.125
904;5.875;0;7.875;2.97601;3.973917;7.875
905;5.875;0;7.625;2.772541;3.823919;7.625
906;5.875;0;7.375;2.577272;3.684794;7.375
907;5.875;0;7.125;2.392211;3.557815;7.125
908;5.875;0;6.875;2.219914;3.444328;6.875
909;5.875;0;6.625;2.063581;3.345705;6.625
910;5.875;0;6.375;1.927099;3.263294;6.375
911;5.875;0;6.125;1.814954;3.198348;6.125
912;5.875;0;5.875;1.731879;3.151948;5.875
913;5.875;0;5.625;1.682186;3.12492;5.625
914;5.875;0;5.375;1.668479;3.117562;5.375
915;5.875;0;5.125;1.668479;3.117562;5.125
916;5.875;0;4.875;1.668479;3.117562;4.875
917;5.875;0;4.625;1.668479;3.117562;4.625
918;5.875;0;4.375;1.668479;3.117562;4.375
919;5.875;0;4.125;1.668479;3.117562;4.125
920;5.875;0;3.875;1.668479;3.117562;3.875
921;5.875;0;3.625;1.668479;3.117562;3.625
922;5.875;0;3.375;1.66886;3.117767;3.375
923;5.875;0;3.125;1.692761;3.130625;3.125
924;5.875;0;2.875;1.752366;3.163252;2.875
925;5.875;0;2.625;1.844216;3.215044;2.625
926;5.875;0;2.375;1.963792;3.285096;2.375
927;5.875;0;2.125;2.106377;3.372269;2.125
928;5.875;0;1.875;2.267635;3.475276;1.875
929;5.875;0;1.625;2.443873;3.592755;1.625
930;5.875;0;1.375;2.632083;3.723337;1.375
931;5.875;0;1.125;2.829877;3.865693;1.125
932;5.875;0;0.875;3.035383;4.018573;0.875
933;5.875;0;0.625;3.247137;4.180822;0.625
934;5.875;0;0.375;3.463992;4.351393;0.375
935;5.875;0;0.125;3.685049;4.529345;0.125
936;6.125;0;9.625;4.630438;5.097383;9.625
937;6.125;0;9.375;4.404123;4.892715;9.375
938;6.125;0;9.125;4.180508;4.692441;9.125
939;6.125;0;8.875;3.96005;4.497149;8.875
940;6.125;0;8.625;3.743306;4.307516;8.625
941;6.125;0;8.375;3.530961;4.124323;8.375
942;6.125;0;8.125;3.323858;3.948466;8.125
943;6.125;0;7.875;3.12304;3.78097;7.875
944;6.125;0;7.625;2.929799;3.622993;7.625
945;6.125;0;7.375;2.745736;3.475834;7.375
946;6.125;0;7.125;2.572822;3.340923;7.125
947;6.125;0;6.875;2.413454;3.2198;6.875
948;6.125;0;6.625;2.270486;3.114074;6.625
949;6.125;0;6.375;2.147196;3.02536;6.375
950;6.125;0;6.125;2.047144;2.955191;6.125
951;6.125;0;5.875;1.973865;2.904909;5.875
952;6.125;0;5.625;1.930411;2.87556;5.625
953;6.125;0;5.375;1.918479;2.867562;5.375
954;6.125;0;5.125;1.918479;2.867562;5.125
955;6.125;0;4.875;1.918479;2.867562;4.875
956;6.125;0;4.625;1.918479;2.867562;4.625
957;6.125;0;4.375;1.918479;2.867562;4.375
958;6.125;0;4.125;1.918479;2.867562;4.125
959;6.125;0;3.875;1.918479;2.867562;3.875
960;6.125;0;3.625;1.918479;2.867562;3.625
961;6.125;0;3.375;1.918811;2.867785;3.375
962;6.125;0;3.125;1.939634;2.881759;3.125
963;6.125;0;2.875;1.991865;2.91717;2.875
964;6.125;0;2.625;2.073131;2.973252;2.625
965;6.125;0;2.375;2.180187;3.048864;2.375
966;6.125;0;2.125;2.309451;3.142597;2.125
967;6.125;0;1.875;2.457419;3.252885;1.875
968;6.125;0;1.625;2.620926;3.378107;1.625
969;6.125;0;1.375;2.797249;3.516668;1.375
970;6.125;0;1.125;2.984116;3.667056;1.125
971;6.125;0;0.875;3.179668;3.827877;0.875
972;6.125;0;0.625;3.382401;3.997873;0.625
973;6.125;0;0.375;3.591098;4.175923;0.375
974;6.125;0;0.125;3.804777;4.361041;0.125
975;6.375;0;9.625;4.739483;4.961051;9.625
976;6.375;0;9.375;4.518633;4.750513;9.375
977;6.375;0;9.125;4.300975;4.543976;9.125
978;6.375;0;8.875;4.08702;4.342012;8.875
979;6.375;0;8.625;3.87738;4.145288;8.625
980;6.375;0;8.375;3.672795;3.954587;8.375
981;6.375;0;8.125;3.474157;3.770823;8.125
982;6.375;0;7.875;3.282547;3.595059;7.875
983;6.375;0;7.625;3.099268;3.428527;7.625
984;6.375;0;7.375;2.925886;3.272635;7.375
985;6.375;0;7.125;2.764264;3.128975;7.125
986;6.375;0;6.875;2.616582;2.999305;6.875
987;6.375;0;6.625;2.485326;2.885512;6.625
988;6.375;0;6.375;2.373224;2.789538;6.375
989;6.375;0;6.125;2.283098;2.713277;6.125
990;6.375;0;5.875;2.21763;2.658424;5.875
991;6.375;0;5.625;2.179043;2.626321;5.625
992;6.375;0;5.375;2.168479;2.617562;5.375
993;6.375;0;5.125;2.168479;2.617562;5.125
994;6.375;0;4.875;2.168479;2.617562;4.875
995;6.375;0;4.625;2.168479;2.617562;4.625
996;6.375;0;4.375;2.168479;2.617562;4.375
997;6.375;0;4.125;2.168479;2.617562;4.125
998;6.375;0;3.875;2.168479;2.617562;3.875
999;6.375;0;3.625;2.168479;2.617562;3.625
1000;6.375;0;3.375;2.168772;2.617806;3.375
1001;6.375;0;3.125;2.187217;2.633107;3.125
1002;6.375;0;2.875;2.233666;2.671816;2.875
1003;6.375;0;2.625;2.306428;2.732937;2.625
1004;6.375;0;2.375;2.403114;2.815012;2.375
1005;6.375;0;2.125;2.520972;2.916271;2.125
1006;6.375;0;1.875;2.657188;3.034795;1.875
1007;6.375;0;1.625;2.809091;3.168648;1.625
1008;6.375;0;1.375;2.97428;3.315972;1.375
1009;6.375;0;1.125;3.150664;3.475057;1.125
1010;6.375;0;0.875;3.33647;3.644361;0.875
1011;6.375;0;0.625;3.530209;3.822527;0.625
1012;6.375;0;0.375;3.730646;4.008373;0.375
1013;6.375;0;0.125;3.936759;4.200881;0.125
1014;6.625;0;9.625;4.858954;4.833813;9.625
1015;6.625;0;9.375;4.64379;4.617477;9.375
1016;6.625;0;9.125;4.432282;4.404707;9.125
1017;6.625;0;8.875;4.224982;4.196044;8.875
1018;6.625;0;8.625;4.022539;3.992134;8.625
1019;6.625;0;8.375;3.825724;3.793742;8.375
1020;6.625;0;8.125;3.635452;3.601781;8.125
1021;6.625;0;7.875;3.452804;3.417334;7.875
1022;6.625;0;7.625;3.279055;3.241684;7.625
1023;6.625;0;7.375;3.115694;3.076339;7.375
1024;6.625;0;7.125;2.964438;2.923047;7.125
1025;6.625;0;6.875;2.827232;2.783802;6.875
1026;6.625;0;6.625;2.706212;2.660808;6.625
1027;6.625;0;6.375;2.603638;2.556412;6.375
1028;6.625;0;6.125;2.52176;2.472972;6.125
1029;6.625;0;5.875;2.462645;2.412661;5.875
1030;6.625;0;5.625;2.427955;2.377242;5.625
1031;6.625;0;5.375;2.418479;2.367562;5.375
1032;6.625;0;5.125;2.418479;2.367562;5.125
1033;6.625;0;4.875;2.418479;2.367562;4.875
1034;6.625;0;4.625;2.418479;2.367562;4.625
1035;6.625;0;4.375;2.418479;2.367562;4.375
1036;6.625;0;4.125;2.418479;2.367562;4.125
1037;6.625;0;3.875;2.418479;2.367562;3.875
1038;6.625;0;3.625;2.418479;2.367562;3.625
1039;6.625;0;3.375;2.418742;2.367831;3.375
1040;6.625;0;3.125;2.435294;2.384737;3.125
1041;6.625;0;2.875;2.477096;2.42741;2.875
1042;6.625;0;2.625;2.542902;2.494527;2.625
1043;6.625;0;2.375;2.630912;2.584184;2.375
1044;6.625;0;2.125;2.738985;2.694133;2.125
1045;6.625;0;1.875;2.864854;2.822003;1.875
1046;6.625;0;1.625;3.006282;2.965476;1.625
1047;6.625;0;1.375;3.161183;3.122402;1.375
1048;6.625;0;1.125;3.327675;3.290857;1.125
1049;6.625;0;0.875;3.504108;3.469162;0.875
1050;6.625;0;0.625;3.689053;3.655876;0.625
1051;6.625;0;0.375;3.881296;3.849776;0.375
1052;6.625;0;0.125;4.079805;4.04983;0.125
1053;6.875;0;9.625;4.988103;4.716404;9.625
1054;6.875;0;9.375;4.778757;4.49442;9.375
1055;6.875;0;9.125;4.573496;4.27553;9.125
1056;6.875;0;8.875;4.372895;4.060235;8.875
1057;6.875;0;8.625;4.177626;3.849136;8.625
1058;6.875;0;8.375;3.988471;3.642965;8.375
1059;6.875;0;8.125;3.806343;3.442607;8.125
1060;6.875;0;7.875;3.632299;3.249136;7.875
1061;6.875;0;7.625;3.467555;3.063859;7.625
1062;6.875;0;7.375;3.313501;2.888352;7.375
1063;6.875;0;7.125;3.171692;2.724504;7.125
1064;6.875;0;6.875;3.043843;2.574543;6.875
1065;6.875;0;6.625;2.931778;2.441028;6.625
1066;6.875;0;6.375;2.83737;2.326792;6.375
1067;6.875;0;6.125;2.762429;2.234795;6.125
1068;6.875;0;5.875;2.708572;2.167868;5.875
1069;6.875;0;5.625;2.67707;2.128379;5.625
1070;6.875;0;5.375;2.668479;2.117562;5.375
1071;6.875;0;5.125;2.668479;2.117562;5.125
1072;6.875;0;4.875;2.668479;2.117562;4.875
1073;6.875;0;4.625;2.668479;2.117562;4.625
1074;6.875;0;4.375;2.668479;2.117562;4.375
1075;6.875;0;4.125;2.668479;2.117562;4.125
1076;6.875;0;3.875;2.668479;2.117562;3.875
1077;6.875;0;3.625;2.668479;2.117562;3.625
1078;6.875;0;3.375;2.668717;2.117863;3.375
1079;6.875;0;3.125;2.683728;2.136748;3.125
1080;6.875;0;2.875;2.721717;2.18427;2.875
1081;6.875;0;2.625;2.781742;2.258624;2.625
1082;6.875;0;2.375;2.862418;2.357271;2.375
1083;6.875;0;2.125;2.962057;2.477312;2.125
1084;6.875;0;1.875;3.078819;2.615802;1.875
1085;6.875;0;1.625;3.210837;2.769976;1.625
1086;6.875;0;1.375;3.35631;2.937365;1.375
1087;6.875;0;1.125;3.513568;3.11584;1.125
1088;6.875;0;0.875;3.681102;3.303604;0.875
1089;6.875;0;0.625;3.857571;3.499164;0.625
1090;6.875;0;0.375;4.041807;3.701283;0.375
1091;6.875;0;0.125;4.232794;3.908943;0.125
1092;7.125;0;9.625;5.126199;4.609575;9.625
1093;7.125;0;9.375;4.922729;4.382183;9.375
1094;7.125;0;9.125;4.723728;4.157388;9.125
1095;7.125;0;8.875;4.529785;3.935635;8.875
1096;7.125;0;8.625;4.341578;3.717468;8.625
1097;7.125;0;8.375;4.159885;3.503557;8.375
1098;7.125;0;8.125;3.985598;3.294732;8.125
1099;7.125;0;7.875;3.81973;3.092023;7.875
1100;7.125;0;7.625;3.663425;2.896714;7.625
1101;7.125;0;7.375;3.517958;2.710405;7.375
1102;7.125;0;7.125;3.384726;2.535083;7.125
1103;7.125;0;6.875;3.265228;2.373181;6.875
1104;7.125;0;6.625;3.161022;2.22763;6.625
1105;7.125;0;6.375;3.073664;2.101828;6.375
1106;7.125;0;6.125;3.004622;1.999507;6.125
1107;7.125;0;5.875;2.955182;1.924415;5.875
1108;7.125;0;5.625;2.926337;1.879819;5.625
1109;7.125;0;5.375;2.918479;1.867562;5.375
1110;7.125;0;5.125;2.918479;1.867562;5.125
1111;7.125;0;4.875;2.918479;1.867562;4.875
1112;7.125;0;4.625;2.918479;1.867562;4.625
1113;7.125;0;4.375;2.918479;1.867562;4.375
1114;7.125;0;4.125;2.918479;1.867562;4.125
1115;7.125;0;3.875;2.918479;1.867562;3.875
1116;7.125;0;3.625;2.918479;1.867562;3.625
1117;7.125;0;3.375;2.918697;1.867903;3.375
1118;7.125;0;3.125;2.932428;1.889288;3.125
1119;7.125;0;2.875;2.967235;1.942873;2.875
1120;7.125;0;2.625;3.022388;2.026105;2.625
1121;7.125;0;2.375;3.096801;2.13552;2.375
1122;7.125;0;2.125;3.189125;2.267331;2.125
1123;7.125;0;1.875;3.297858;2.417879;1.875
1124;7.125;0;1.625;3.421434;2.583889;1.625
1125;7.125;0;1.375;3.558308;2.762577;1.375
1126;7.125;0;1.125;3.707007;2.951639;1.125
1127;7.125;0;0.875;3.866167;3.14921;0.875
1128;7.125;0;0.625;4.03455;3.353784;0.625
1129;7.125;0;0.375;4.21105;3.564157;0.375
1130;7.125;0;0.125;4.394688;3.779359;0.125
1131;7.375;0;9.625;5.272538;4.514079;9.625
1132;7.375;0;9.375;5.074938;4.281618;9.375
1133;7.375;0;9.125;4.882145;4.051246;9.125
1134;7.375;0;8.875;4.694751;3.823342;8.875
1135;7.375;0;8.625;4.513428;3.598373;8.625
1136;7.375;0;8.375;4.338938;3.376927;8.375
1137;7.375;0;8.125;4.172137;3.159744;8.125
1138;7.375;0;7.875;4.013985;2.947766;7.875
1139;7.375;0;7.625;3.865543;2.742202;7.625
1140;7.375;0;7.375;3.727971;2.544605;7.375
1141;7.375;0;7.125;3.602514;2.356982;7.125
1142;7.375;0;6.875;3.490481;2.181905;6.875
1143;7.375;0;6.625;3.393199;2.022635;6.625
1144;7.375;0;6.375;3.31197;1.883189;6.375
1145;7.375;0;6.125;3.247998;1.76826;6.125
1146;7.375;0;5.875;3.202318;1.682882;5.875
1147;7.375;0;5.625;3.175718;1.631697;5.625
1148;7.375;0;5.375;3.168479;1.617562;5.375
1149;7.375;0;5.125;3.168479;1.617562;5.125
1150;7.375;0;4.875;3.168479;1.617562;4.875
1151;7.375;0;4.625;3.168479;1.617562;4.625
1152;7.375;0;4.375;3.168479;1.617562;4.375
1153;7.375;0;4.125;3.168479;1.617562;4.125
1154;7.375;0;3.875;3.168479;1.617562;3.875
1155;7.375;0;3.625;3.168479;1.617562;3.625
1156;7.375;0;3.375;3.16868;1.617956;3.375
1157;7.375;0;3.125;3.181332;1.642598;3.125
1158;7.375;0;2.875;3.213444;1.703958;2.875
1159;7.375;0;2.625;3.26444;1.798282;2.625
1160;7.375;0;2.375;3.333454;1.92072;2.375
1161;7.375;0;2.125;3.419395;2.066279;2.125
1162;7.375;0;1.875;3.521023;2.230439;1.875
1163;7.375;0;1.625;3.637025;2.409399;1.625
1164;7.375;0;1.375;3.766072;2.600105;1.375
1165;7.375;0;1.125;3.906871;2.80016;1.125
1166;7.375;0;0.875;4.0582;3.007697;0.875
1167;7.375;0;0.625;4.218926;3.221271;0.625
1168;7.375;0;0.375;4.388015;3.439757;0.375
1169;7.375;0;0.125;4.56454;3.662278;0.125
1170;7.625;0;9.625;5.426453;4.430646;9.625
1171;7.625;0;9.375;5.234667;4.193563;9.375
1172;7.625;0;9.125;5.047978;3.95807;9.125
1173;7.625;0;8.875;4.866973;3.724468;8.875
1174;7.625;0;8.625;4.69231;3.493137;8.625
1175;7.625;0;8.375;4.524723;3.26456;8.375
1176;7.625;0;8.125;4.365028;3.039358;8.125
1177;7.625;0;7.875;4.214121;2.818341;7.875
1178;7.625;0;7.625;4.072979;2.602574;7.625
1179;7.625;0;7.375;3.942652;2.393478;7.375
1180;7.625;0;7.125;3.824245;2.192962;7.125
1181;7.625;0;6.875;3.718897;2.003603;6.875
1182;7.625;0;6.625;3.627746;1.828872;6.625
1183;7.625;0;6.375;3.551885;1.673355;6.375
1184;7.625;0;6.125;3.49231;1.542875;6.125
1185;7.625;0;5.875;3.449866;1.444233;5.875
1186;7.625;0;5.625;3.42519;1.384253;5.625
1187;7.625;0;5.375;3.418479;1.367562;5.375
1188;7.625;0;5.125;3.418479;1.367562;5.125
1189;7.625;0;4.875;3.418479;1.367562;4.875
1190;7.625;0;4.625;3.418479;1.367562;4.625
1191;7.625;0;4.375;3.418479;1.367562;4.375
1192;7.625;0;4.125;3.418479;1.367562;4.125
1193;7.625;0;3.875;3.418479;1.367562;3.875
1194;7.625;0;3.625;3.418479;1.367562;3.625
1195;7.625;0;3.375;3.418665;1.368028;3.375
1196;7.625;0;3.125;3.430396;1.397085;3.125
1197;7.625;0;2.875;3.460197;1.468738;2.875
1198;7.625;0;2.625;3.507607;1.577193;2.625
1199;7.625;0;2.375;3.571926;1.715484;2.375
1200;7.625;0;2.125;3.652259;1.877027;2.125
1201;7.625;0;1.875;3.747578;2.05635;1.875
1202;7.625;0;1.625;3.856772;2.249205;1.625
1203;7.625;0;1.375;3.978698;2.4524;1.375
1204;7.625;0;1.125;4.112223;2.663571;1.125
1205;7.625;0;0.875;4.256257;2.880965;0.875
1206;7.625;0;0.625;4.40977;3.103273;0.625
1207;7.625;0;0.375;4.571807;3.329512;0.375
1208;7.625;0;0.125;4.741494;3.558932;0.125
1209;7.875;0;9.625;5.587319;4.35997;9.625
1210;7.875;0;9.375;5.401248;4.118821;9.375
1211;7.875;0;9.125;5.220519;3.878793;9.125
1212;7.875;0;8.875;5.045708;3.640107;8.875
1213;7.875;0;8.625;4.87745;3.403046;8.625
1214;7.875;0;8.375;4.716446;3.167976;8.375
1215;7.875;0;8.125;4.563464;2.935373;8.125
1216;7.875;0;7.875;4.419338;2.705876;7.875
1217;7.875;0;7.625;4.284962;2.480344;7.625
1218;7.875;0;7.375;4.161279;2.259968;7.375
1219;7.875;0;7.125;4.04927;2.046411;7.125
1220;7.875;0;6.875;3.949928;1.842049;6.875
1221;7.875;0;6.625;3.864231;1.6503;6.625
1222;7.875;0;6.375;3.793102;1.476088;6.375
1223;7.875;0;6.125;3.737375;1.326342;6.125
1224;7.875;0;5.875;3.697745;1.210177;5.875
1225;7.875;0;5.625;3.674733;1.137925;5.625
1226;7.875;0;5.375;3.668479;1.117562;5.375
1227;7.875;0;5.125;3.668479;1.117562;5.125
1228;7.875;0;4.875;3.668479;1.117562;4.875
1229;7.875;0;4.625;3.668479;1.117562;4.625
1230;7.875;0;4.375;3.668479;1.117562;4.375
1231;7.875;0;4.125;3.668479;1.117562;4.125
1232;7.875;0;3.875;3.668479;1.117562;3.875
1233;7.875;0;3.625;3.668479;1.117562;3.625
1234;7.875;0;3.375;3.668652;1.118132;3.375
1235;7.875;0;3.125;3.679586;1.153501;3.125
1236;7.875;0;2.875;3.707385;1.239319;2.875
1237;7.875;0;2.625;3.751672;1.36611;2.625
1238;7.875;0;2.375;3.811875;1.523681;2.375
1239;7.875;0;2.125;3.887253;1.703511;2.125
1240;7.875;0;1.875;3.976944;1.899288;1.875
1241;7.875;0;1.625;4.080004;2.106571;1.625
1242;7.875;0;1.375;4.195447;2.32228;1.375
1243;7.875;0;1.125;4.322282;2.544274;1.125
1244;7.875;0;0.875;4.459537;2.771043;0.875
1245;7.875;0;0.625;4.60628;3.001503;0.625
1246;7.875;0;0.375;4.761634;3.234868;0.375
1247;7.875;0;0.125;4.924785;3.47055;0.125
1248;8.125;0;9.625;5.754552;4.302681;9.625
1249;8.125;0;9.375;5.574066;4.058129;9.375
1250;8.125;0;9.125;5.399126;3.814283;9.125
1251;8.125;0;8.875;5.230288;3.571288;8.875
1252;8.125;0;8.625;5.068161;3.329331;8.625
1253;8.125;0;8.375;4.91341;3.088655;8.375
1254;8.125;0;8.125;4.766754;2.849585;8.125
1255;8.125;0;7.875;4.628962;2.612562;7.875
1256;8.125;0;7.625;4.500848;2.378198;7.625
1257;8.125;0;7.375;4.383262;2.147364;7.375
1258;8.125;0;7.125;4.27707;1.921332;7.125
1259;8.125;0;6.875;4.183142;1.702018;6.875
1260;8.125;0;6.625;4.102319;1.492384;6.625
1261;8.125;0;6.375;4.035389;1.297134;6.375
1262;8.125;0;6.125;3.983053;1.123789;6.125
1263;8.125;0;5.875;3.945891;0.983995;5.875
1264;8.125;0;5.625;3.924335;0.89364;5.625
1265;8.125;0;5.375;3.918479;0.867562;5.375
1266;8.125;0;5.125;3.918479;0.867562;5.125
1267;8.125;0;4.875;3.918479;0.867562;4.875
1268;8.125;0;4.625;3.918479;0.867562;4.625
1269;8.125;0;4.375;3.918479;0.867562;4.375
1270;8.125;0;4.125;3.918479;0.867562;4.125
1271;8.125;0;3.875;3.918479;0.867562;3.875
1272;8.125;0;3.625;3.918479;0.867562;3.625
1273;8.125;0;3.375;3.918641;0.868296;3.375
1274;8.125;0;3.125;3.928879;0.913392;3.125
1275;8.125;0;2.875;3.954926;1.019622;2.875
1276;8.125;0;2.625;3.996472;1.17046;2.625
1277;8.125;0;2.375;4.05304;1.351045;2.375
1278;8.125;0;2.125;4.124012;1.551021;2.125
1279;8.125;0;1.875;4.20866;1.763806;1.875
1280;8.125;0;1.625;4.306178;1.985286;1.625
1281;8.125;0;1.375;4.415712;2.21285;1.375
1282;8.125;0;1.125;4.536393;2.444801;1.125
1283;8.125;0;0.875;4.667355;2.679999;0.875
1284;8.125;0;0.625;4.807759;2.91766;0.625
1285;8.125;0;0.375;4.956803;3.157228;0.375
1286;8.125;0;0.125;5.113731;3.398299;0.125
1287;8.375;0;9.625;5.927614;4.259317;9.625
1288;8.375;0;9.375;5.752561;4.012122;9.375
1289;8.375;0;9.125;5.583216;3.765298;9.125
1290;8.375;0;8.875;5.420115;3.518923;8.875
1291;8.375;0;8.625;5.263838;3.273097;8.625
1292;8.375;0;8.375;5.115011;3.027955;8.375
1293;8.375;0;8.125;4.974302;2.783676;8.125
1294;8.375;0;7.875;4.84242;2.540512;7.875
1295;8.375;0;7.625;4.720103;2.298814;7.625
1296;8.375;0;7.375;4.608115;2.0591;7.375
1297;8.375;0;7.125;4.507224;1.822152;7.125
1298;8.375;0;6.875;4.418191;1.589208;6.875
1299;8.375;0;6.625;4.341746;1.362325;6.625
1300;8.375;0;6.375;4.278563;1.145109;6.375
1301;8.375;0;6.125;4.229238;0.944256;6.125
1302;8.375;0;5.875;4.194258;0.772636;5.875
1303;8.375;0;5.625;4.173984;0.653691;5.625
1304;8.375;0;5.375;4.168479;0.617562;5.375
1305;8.375;0;5.125;4.168479;0.617562;5.125
1306;8.375;0;4.875;4.168479;0.617562;4.875
1307;8.375;0;4.625;4.168479;0.617562;4.625
1308;8.375;0;4.375;4.168479;0.617562;4.375
1309;8.375;0;4.125;4.168479;0.617562;4.125
1310;8.375;0;3.875;4.168479;0.617562;3.875
1311;8.375;0;3.625;4.168479;0.617562;3.625
1312;8.375;0;3.375;4.168631;0.618593;3.375
1313;8.375;0;3.125;4.178257;0.680443;3.125
1314;8.375;0;2.875;4.202758;0.817526;2.875
1315;8.375;0;2.625;4.241877;0.999347;2.625
1316;8.375;0;2.375;4.295215;1.205836;2.375
1317;8.375;0;2.125;4.362249;1.426319;2.125
1318;8.375;0;1.875;4.44236;1.655213;1.875
1319;8.375;0;1.625;4.534855;1.889465;1.625
1320;8.375;0;1.375;4.638993;2.127304;1.375
1321;8.375;0;1.125;4.754009;2.36765;1.125
1322;8.375;0;0.875;4.879134;2.609811;0.875
1323;8.375;0;0.625;5.013611;2.853324;0.625
1324;8.375;0;0.375;5.156708;3.097871;0.375
1325;8.375;0;0.125;5.307728;3.343225;0.125
1326;8.625;0;9.625;6.106009;4.230307;9.625
1327;8.625;0;9.375;5.936219;3.981312;9.375
1328;8.625;0;9.125;5.772265;3.732451;9.125
1329;8.625;0;8.875;5.614658;3.483753;8.875
1330;8.625;0;8.625;5.463948;3.235256;8.625
1331;8.625;0;8.375;5.320722;2.98701;8.375
1332;8.625;0;8.125;5.185598;2.739083;8.125
1333;8.625;0;7.875;5.059226;2.49157;7.875
1334;8.625;0;7.625;4.942278;2.244608;7.625
1335;8.625;0;7.375;4.835438;1.998402;7.375
1336;8.625;0;7.125;4.739389;1.75327;7.125
1337;8.625;0;6.875;4.654799;1.509736;6.875
1338;8.625;0;6.625;4.582303;1.268719;6.625
1339;8.625;0;6.375;4.522482;1.031985;6.375
1340;8.625;0;6.125;4.475845;0.80333;6.125
1341;8.625;0;5.875;4.442807;0.592186;5.875
1342;8.625;0;5.625;4.423673;0.425477;5.625
1343;8.625;0;5.375;4.418479;0.367562;5.375
1344;8.625;0;5.125;4.418479;0.367562;5.125
1345;8.625;0;4.875;4.418479;0.367562;4.875
1346;8.625;0;4.625;4.418479;0.367562;4.625
1347;8.625;0;4.375;4.418479;0.367562;4.375
1348;8.625;0;4.125;4.418479;0.367562;4.125
1349;8.625;0;3.875;4.418479;0.367562;3.875
1350;8.625;0;3.625;4.418479;0.367562;3.625
1351;8.625;0;3.375;4.418623;0.369291;3.375
1352;8.625;0;3.125;4.427705;0.465534;3.125
1353;8.625;0;2.875;4.450833;0.649667;2.875
1354;8.625;0;2.625;4.487791;0.867418;2.625
1355;8.625;0;2.375;4.538239;1.098981;2.375
1356;8.625;0;2.125;4.601734;1.3372;2.125
1357;8.625;0;1.875;4.677745;1.579066;1.875
1358;8.625;0;1.625;4.765674;1.823128;1.625
1359;8.625;0;1.375;4.864873;2.068609;1.375
1360;8.625;0;1.125;4.97467;2.315057;1.125
1361;8.625;0;0.875;5.094378;2.562193;0.875
1362;8.625;0;0.625;5.223316;2.809836;0.625
1363;8.625;0;0.375;5.360819;3.057863;0.375
1364;8.625;0;0.125;5.506244;3.306187;0.125
1365;8.875;0;9.625;6.289284;4.215948;9.625
1366;8.875;0;9.375;6.124576;3.966051;9.375
1367;8.875;0;9.125;5.965801;3.716169;9.125
1368;8.875;0;8.875;5.813444;3.466303;8.875
1369;8.875;0;8.625;5.668022;3.216458;8.625
1370;8.875;0;8.375;5.530083;2.966639;8.375
1371;8.875;0;8.125;5.4002;2.716853;8.125
1372;8.875;0;7.875;5.278969;2.467111;7.875
1373;8.875;0;7.625;5.166997;2.217427;7.625
1374;8.875;0;7.375;5.064899;1.967823;7.375
1375;8.875;0;7.125;4.973283;1.718335;7.125
1376;8.875;0;6.875;4.892739;1.46902;6.875
1377;8.875;0;6.625;4.82382;1.219986;6.625
1378;8.875;0;6.375;4.767031;0.971448;6.375
1379;8.875;0;6.125;4.722809;0.723918;6.125
1380;8.875;0;5.875;4.691511;0.478961;5.875
1381;8.875;0;5.625;4.673395;0.244436;5.625
1382;8.875;0;5.375;4.668479;0.117562;5.375
1383;8.875;0;5.125;4.668479;0.117562;5.125
1384;8.875;0;4.875;4.668479;0.117562;4.875
1385;8.875;0;4.625;4.668479;0.117562;4.625
1386;8.875;0;4.375;4.668479;0.117562;4.375
1387;8.875;0;4.125;4.668479;0.117562;4.125
1388;8.875;0;3.875;4.668479;0.117562;3.875
1389;8.875;0;3.625;4.668479;0.117562;3.625
1390;8.875;0;3.375;4.668615;0.122861;3.375
1391;8.875;0;3.125;4.677212;0.308935;3.125
1392;8.875;0;2.875;4.699112;0.54844;2.875
1393;8.875;0;2.625;4.734132;0.794438;2.625
1394;8.875;0;2.375;4.781982;1.042342;2.375
1395;8.875;0;2.125;4.842282;1.291055;2.125
1396;8.875;0;1.875;4.914574;1.540185;1.875
1397;8.875;0;1.625;4.998338;1.789557;1.625
1398;8.875;0;1.375;5.093008;2.039083;1.375
1399;8.875;0;1.125;5.197988;2.288713;1.125
1400;8.875;0;0.875;5.312666;2.538415;0.875
1401;8.875;0;0.625;5.43643;2.788171;0.625
1402;8.875;0;0.375;5.568673;3.037967;0.375
1403;8.875;0;0.125;5.708806;3.287794;0.125
1404;9.125;0;9.625;6.477023;4.214309;9.625
1405;9.125;0;9.375;6.317213;3.964309;9.375
1406;9.125;0;9.125;6.163402;3.714309;9.125
1407;9.125;0;8.875;6.016051;3.464309;8.875
1408;9.125;0;8.625;5.875646;3.214309;8.625
1409;9.125;0;8.375;5.742696;2.964309;8.375
1410;9.125;0;8.125;5.617731;2.714309;8.125
1411;9.125;0;7.875;5.501295;2.464309;7.875
1412;9.125;0;7.625;5.39394;2.214309;7.625
1413;9.125;0;7.375;5.296219;1.964309;7.375
1414;9.125;0;7.125;5.208674;1.714309;7.125
1415;9.125;0;6.875;5.131825;1.464309;6.875
1416;9.125;0;6.625;5.06616;1.214309;6.625
1417;9.125;0;6.375;5.012118;0.964309;6.375
1418;9.125;0;6.125;4.970077;0.714309;6.125
1419;9.125;0;5.875;4.940346;0.464309;5.875
1420;9.125;0;5.625;4.923145;0.214309;5.625
1421;9.125;0;5.375;4.918479;0;5.375
1422;9.125;0;5.125;4.918479;0;5.125
1423;9.125;0;4.875;4.918479;0;4.875
1424;9.125;0;4.625;4.918479;0;4.625
1425;9.125;0;4.375;4.918479;0;4.375
1426;9.125;0;4.125;4.918479;0;4.125
1427;9.125;0;3.875;4.918479;0;3.875
1428;9.125;0;3.625;4.918479;0;3.625
1429;9.125;0;3.375;4.918608;0.035691;3.375
1430;9.125;0;3.125;4.926769;0.285691;3.125
1431;9.125;0;2.875;4.947565;0.535691;2.875
1432;9.125;0;2.625;4.980838;0.785691;2.625
1433;9.125;0;2.375;5.026339;1.035691;2.375
1434;9.125;0;2.125;5.083742;1.285691;2.125
1435;9.125;0;1.875;5.152648;1.535691;1.875
1436;9.125;0;1.625;5.232602;1.785691;1.625
1437;9.125;0;1.375;5.323107;2.035691;1.375
1438;9.125;0;1.125;5.423635;2.285691;1.125
1439;9.125;0;0.875;5.533639;2.535691;0.875
1440;9.125;0;0.625;5.652567;2.785691;0.625
1441;9.125;0;0.375;5.779866;3.035691;0.375
1442;9.125;0;0.125;5.914998;3.285691;0.125
1443;9.375;0;9.625;6.668851;4.214309;9.625
1444;9.375;0;9.375;6.513748;3.964309;9.375
1445;9.375;0;9.125;6.364688;3.714309;9.125
1446;9.375;0;8.875;6.222106;3.464309;8.875
1447;9.375;0;8.625;6.086456;3.214309;8.625
1448;9.375;0;8.375;5.958212;2.964309;8.375
1449;9.375;0;8.125;5.837863;2.714309;8.125
1450;9.375;0;7.875;5.725905;2.464309;7.875
1451;9.375;0;7.625;5.62284;2.214309;7.625
1452;9.375;0;7.375;5.529166;1.964309;7.375
1453;9.375;0;7.125;5.445367;1.714309;7.125
1454;9.375;0;6.875;5.371906;1.464309;6.875
1455;9.375;0;6.625;5.30921;1.214309;6.625
1456;9.375;0;6.375;5.257667;0.964309;6.375
1457;9.375;0;6.125;5.217606;0.714309;6.125
1458;9.375;0;5.875;5.189292;0.464309;5.875
1459;9.375;0;5.625;5.17292;0.214309;5.625
1460;9.375;0;5.375;5.168479;0;5.375
1461;9.375;0;5.125;5.168479;0;5.125
1462;9.375;0;4.875;5.168479;0;4.875
1463;9.375;0;4.625;5.168479;0;4.625
1464;9.375;0;4.375;5.168479;0;4.375
1465;9.375;0;4.125;5.168479;0;4.125
1466;9.375;0;3.875;5.168479;0;3.875
1467;9.375;0;3.625;5.168479;0;3.625
1468;9.375;0;3.375;5.168602;0.035691;3.375
1469;9.375;0;3.125;5.176368;0.285691;3.125
1470;9.375;0;2.875;5.196166;0.535691;2.875
1471;9.375;0;2.625;5.227856;0.785691;2.625
1472;9.375;0;2.375;5.271226;1.035691;2.375
1473;9.375;0;2.125;5.32599;1.285691;2.125
1474;9.375;0;1.875;5.391801;1.535691;1.875
1475;9.375;0;1.625;5.46826;1.785691;1.625
1476;9.375;0;1.375;5.554927;2.035691;1.375
1477;9.375;0;1.125;5.651332;2.285691;1.125
1478;9.375;0;0.875;5.756987;2.535691;0.875
1479;9.375;0;0.625;5.871392;2.785691;0.625
1480;9.375;0;0.375;5.994046;3.035691;0.375
1481;9.375;0;0.125;6.124454;3.285691;0.125
1482;9.625;0;9.625;6.864423;4.220714;9.625
1483;9.625;0;9.375;6.71384;3.971117;9.375
1484;9.625;0;9.125;6.569323;3.721574;9.125
1485;9.625;0;8.875;6.431279;3.472097;8.875
1486;9.625;0;8.625;6.300134;3.222702;8.625
1487;9.625;0;8.375;6.176329;2.973408;8.375
1488;9.625;0;8.125;6.060312;2.724243;8.125
1489;9.625;0;7.875;5.95254;2.475246;7.875
1490;9.625;0;7.625;5.853467;2.226475;7.625
1491;9.625;0;7.375;5.763542;1.978013;7.375
1492;9.625;0;7.125;5.6832;1.729995;7.125
1493;9.625;0;6.875;5.612852;1.482642;6.875
1494;9.625;0;6.625;5.552878;1.236355;6.625
1495;9.625;0;6.375;5.503617;0.991927;6.375
1496;9.625;0;6.125;5.465359;0.751175;6.125
1497;9.625;0;5.875;5.438335;0.519239;5.875
1498;9.625;0;5.625;5.422715;0.316157;5.625
1499;9.625;0;5.375;5.418479;0.232438;5.375
1500;9.625;0;5.125;5.418479;0.232438;5.125
1501;9.625;0;4.875;5.418479;0.232438;4.875
1502;9.625;0;4.625;5.418479;0.232438;4.625
1503;9.625;0;4.375;5.418479;0.232438;4.375
1504;9.625;0;4.125;5.418479;0.232438;4.125
1505;9.625;0;3.875;5.418479;0.232438;3.875
1506;9.625;0;3.625;5.418479;0.232438;3.625
1507;9.625;0;3.375;5.418596;0.235162;3.375
1508;9.625;0;3.125;5.426005;0.368303;3.125
1509;9.625;0;2.875;5.444894;0.583946;2.875
1510;9.625;0;2.625;5.475146;0.819352;2.625
1511;9.625;0;2.375;5.516572;1.061454;2.375
1512;9.625;0;2.125;5.568924;1.306533;2.125
1513;9.625;0;1.875;5.631897;1.553182;1.875
1514;9.625;0;1.625;5.705138;1.800756;1.625
1515;9.625;0;1.375;5.78826;2.048918;1.375
1516;9.625;0;1.125;5.880841;2.29748;1.125
1517;9.625;0;0.875;5.982444;2.546322;0.875
1518;9.625;0;0.625;6.092617;2.795372;0.625
1519;9.625;0;0.375;6.210904;3.044577;0.375
1520;9.625;0;0.125;6.336851;3.293903;0.125
1521;9.875;0;9.625;7.06343;4.241832;9.625
1522;9.875;0;9.375;6.917181;3.993556;9.375
1523;9.875;0;9.125;6.777001;3.745509;9.125
1524;9.875;0;8.875;6.643274;3.497739;8.875
1525;9.875;0;8.625;6.516397;3.250312;8.625
1526;9.875;0;8.375;6.396778;3.00331;8.375
1527;9.875;0;8.125;6.284833;2.756849;8.125
1528;9.875;0;7.875;6.180976;2.511088;7.875
1529;9.875;0;7.625;6.085623;2.266254;7.625
1530;9.875;0;7.375;5.99918;2.022685;7.375
1531;9.875;0;7.125;5.922035;1.780899;7.125
1532;9.875;0;6.875;5.854558;1.541735;6.875
1533;9.875;0;6.625;5.797085;1.306634;6.625
1534;9.875;0;6.375;5.749917;1.078256;6.375
1535;9.875;0;6.125;5.713308;0.861964;6.125
1536;9.875;0;5.875;5.687463;0.669573;5.875
1537;9.875;0;5.625;5.672528;0.527896;5.625
1538;9.875;0;5.375;5.668479;0.482438;5.375
1539;9.875;0;5.125;5.668479;0.482438;5.125
1540;9.875;0;4.875;5.668479;0.482438;4.875
1541;9.875;0;4.625;5.668479;0.482438;4.625
1542;9.875;0;4.375;5.668479;0.482438;4.375
1543;9.875;0;4.125;5.668479;0.482438;4.125
1544;9.875;0;3.875;5.668479;0.482438;3.875
1545;9.875;0;3.625;5.668479;0.482438;3.625
1546;9.875;0;3.375;5.668591;0.483756;3.375
1547;9.875;0;3.125;5.675673;0.560683;3.125
1548;9.875;0;2.875;5.693735;0.72091;2.875
1549;9.875;0;2.625;5.722671;0.921985;2.625
1550;9.875;0;2.375;5.762318;1.142542;2.375
1551;9.875;0;2.125;5.812457;1.373226;2.125
1552;9.875;0;1.875;5.872819;1.609688;1.875
1553;9.875;0;1.625;5.943092;1.849713;1.625
1554;9.875;0;1.375;6.02293;2.092077;1.375
1555;9.875;0;1.125;6.111958;2.33605;1.125
1556;9.875;0;0.875;6.209781;2.581177;0.875
1557;9.875;0;0.625;6.31599;2.827158;0.625
1558;9.875;0;0.375;6.430169;3.073787;0.375
1559;9.875;0;0.125;6.551902;3.320921;0.125
1560;10.125;0;9.625;7.265589;4.277483;9.625
1561;10.125;0;9.375;7.123491;4.031403;9.375
1562;10.125;0;9.125;6.987451;3.785836;9.125
1563;10.125;0;8.875;6.857829;3.54089;8.875
1564;10.125;0;8.625;6.734996;3.296702;8.625
1565;10.125;0;8.375;6.619329;3.053455;8.375
1566;10.125;0;8.125;6.51121;2.811394;8.125
1567;10.125;0;7.875;6.411022;2.570852;7.875
1568;10.125;0;7.625;6.319142;2.332301;7.625
1569;10.125;0;7.375;6.235936;2.096419;7.375
1570;10.125;0;7.125;6.161756;1.864221;7.125
1571;10.125;0;6.875;6.096933;1.637273;6.875
1572;10.125;0;6.625;6.041766;1.418101;6.625
1573;10.125;0;6.375;5.996522;1.210932;6.375
1574;10.125;0;6.125;5.961428;1.023084;6.125
1575;10.125;0;5.875;5.936663;0.867207;5.875
1576;10.125;0;5.625;5.922357;0.763147;5.625
1577;10.125;0;5.375;5.918479;0.732438;5.375
1578;10.125;0;5.125;5.918479;0.732438;5.125
1579;10.125;0;4.875;5.918479;0.732438;4.875
1580;10.125;0;4.625;5.918479;0.732438;4.625
1581;10.125;0;4.375;5.918479;0.732438;4.375
1582;10.125;0;4.125;5.918479;0.732438;4.125
1583;10.125;0;3.875;5.918479;0.732438;3.875
1584;10.125;0;3.625;5.918479;0.732438;3.625
1585;10.125;0;3.375;5.918586;0.733307;3.375
1586;10.125;0;3.125;5.92537;0.786183;3.125
1587;10.125;0;2.875;5.942672;0.90743;2.875
1588;10.125;0;2.625;5.970402;1.07414;2.625
1589;10.125;0;2.375;6.008415;1.268512;2.375
1590;10.125;0;2.125;6.056516;1.479685;2.125
1591;10.125;0;1.875;6.114469;1.701415;1.875
1592;10.125;0;1.625;6.181997;1.930067;1.625
1593;10.125;0;1.375;6.258788;2.163447;1.375
1594;10.125;0;1.125;6.344507;2.400177;1.125
1595;10.125;0;0.875;6.438798;2.639355;0.875
1596;10.125;0;0.625;6.541289;2.880372;0.625
1597;10.125;0;0.375;6.651602;3.122801;0.375
1598;10.125;0;0.125;6.769354;3.366338;0.125
1599;10.375;0;9.625;7.470644;4.327306;9.625
1600;10.375;0;9.375;7.332521;4.084229;9.375
1601;10.375;0;9.125;7.200432;3.84204;9.125
1602;10.375;0;8.875;7.074713;3.600919;8.875
1603;10.375;0;8.625;6.95571;3.361096;8.625
1604;10.375;0;8.375;6.843775;3.122869;8.375
1605;10.375;0;8.125;6.739258;2.886634;8.125
1606;10.375;0;7.875;6.64251;2.652923;7.875
1607;10.375;0;7.625;6.553876;2.422467;7.625
1608;10.375;0;7.375;6.473688;2.19629;7.375
1609;10.375;0;7.125;6.402264;1.975864;7.125
1610;10.375;0;6.875;6.3399;1.763344;6.875
1611;10.375;0;6.625;6.286865;1.561963;6.625
1612;10.375;0;6.375;6.243398;1.376617;6.375
1613;10.375;0;6.125;6.209699;1.214669;6.125
1614;10.375;0;5.875;6.185928;1.086631;5.875
1615;10.375;0;5.625;6.1722;1.00554;5.625
1616;10.375;0;5.375;6.168479;0.982438;5.375
1617;10.375;0;5.125;6.168479;0.982438;5.125
1618;10.375;0;4.875;6.168479;0.982438;4.875
1619;10.375;0;4.625;6.168479;0.982438;4.625
1620;10.375;0;4.375;6.168479;0.982438;4.375
1621;10.375;0;4.125;6.168479;0.982438;4.125
1622;10.375;0;3.875;6.168479;0.982438;3.875
1623;10.375;0;3.625;6.168479;0.982438;3.625
1624;10.375;0;3.375;6.168582;0.983086;3.375
1625;10.375;0;3.125;6.175091;1.023134;3.125
1626;10.375;0;2.875;6.191696;1.118995;2.875
1627;10.375;0;2.625;6.218315;1.257972;2.625
1628;10.375;0;2.375;6.254821;1.427529;2.375
1629;10.375;0;2.125;6.301042;1.618081;2.125
1630;10.375;0;1.875;6.356766;1.823056;1.875
1631;10.375;0;1.625;6.421746;2.038106;1.625
1632;10.375;0;1.375;6.495704;2.260359;1.375
1633;10.375;0;1.125;6.578337;2.487884;1.125
1634;10.375;0;0.875;6.669322;2.719359;0.875
1635;10.375;0;0.625;6.768324;2.953855;0.625
1636;10.375;0;0.375;6.874995;3.190706;0.375
1637;10.375;0;0.125;6.988984;3.429424;0.125
1638;10.625;0;9.625;7.678363;4.39082;9.625
1639;10.625;0;9.375;7.544045;4.151463;9.375
1640;10.625;0;9.125;7.415724;3.913437;9.125
1641;10.625;0;8.875;7.293717;3.677001;8.875
1642;10.625;0;8.625;7.178346;3.442482;8.625
1643;10.625;0;8.375;7.069936;3.2103;8.375
1644;10.625;0;8.125;6.968812;2.981002;8.125
1645;10.625;0;7.875;6.875295;2.755307;7.875
1646;10.625;0;7.625;6.7897;2.534179;7.625
1647;10.625;0;7.375;6.71233;2.318924;7.375
1648;10.625;0;7.125;6.643472;2.11134;7.125
1649;10.625;0;6.875;6.583393;1.913923;6.875
1650;10.625;0;6.625;6.532336;1.730158;6.625
1651;10.625;0;6.375;6.490513;1.564862;6.375
1652;10.625;0;6.125;6.458104;1.424479;6.125
1653;10.625;0;5.875;6.435251;1.316998;5.875
1654;10.625;0;5.625;6.422055;1.250932;5.625
1655;10.625;0;5.375;6.418479;1.232438;5.375
1656;10.625;0;5.125;6.418479;1.232438;5.125
1657;10.625;0;4.875;6.418479;1.232438;4.875
1658;10.625;0;4.625;6.418479;1.232438;4.625
1659;10.625;0;4.375;6.418479;1.232438;4.375
1660;10.625;0;4.125;6.418479;1.232438;4.125
1661;10.625;0;3.875;6.418479;1.232438;3.875
1662;10.625;0;3.625;6.418479;1.232438;3.625
1663;10.625;0;3.375;6.418578;1.232954;3.375
1664;10.625;0;3.125;6.424834;1.265117;3.125
1665;10.625;0;2.875;6.440794;1.343826;2.875
1666;10.625;0;2.625;6.466388;1.461579;2.625
1667;10.625;0;2.375;6.501502;1.609832;2.375
1668;10.625;0;2.125;6.545981;1.780984;2.125
1669;10.625;0;1.875;6.599638;1.969074;1.875
1670;10.625;0;1.625;6.662249;2.1697;1.625
1671;10.625;0;1.375;6.733566;2.379694;1.375
1672;10.625;0;1.125;6.813314;2.596784;1.125
1673;10.625;0;0.875;6.901203;2.819332;0.875
1674;10.625;0;0.625;6.996924;3.046142;0.625
1675;10.625;0;0.375;7.100161;3.276328;0.375
1676;10.625;0;0.125;7.210592;3.509226;0.125
1677;10.875;0;9.625;7.888536;4.46744;9.625
1678;10.875;0;9.375;7.757857;4.232418;9.375
1679;10.875;0;9.125;7.633131;3.999214;9.125
1680;10.875;0;8.875;7.514655;3.768163;8.875
1681;10.875;0;8.625;7.402728;3.539689;8.625
1682;10.875;0;8.375;7.297652;3.314324;8.375
1683;10.875;0;8.125;7.199728;3.092748;8.125
1684;10.875;0;7.875;7.109249;2.875837;7.875
1685;10.875;0;7.625;7.026505;2.66473;7.625
1686;10.875;0;7.375;6.951771;2.46092;7.375
1687;10.875;0;7.125;6.885308;2.266379;7.125
1688;10.875;0;6.875;6.827357;2.083704;6.875
1689;10.875;0;6.625;6.778138;1.91629;6.625
1690;10.875;0;6.375;6.737841;1.768477;6.375
1691;10.875;0;6.125;6.706627;1.645557;6.125
1692;10.875;0;5.875;6.684623;1.553449;5.875
1693;10.875;0;5.625;6.671921;1.497848;5.625
1694;10.875;0;5.375;6.668479;1.482438;5.375
1695;10.875;0;5.125;6.668479;1.482438;5.125
1696;10.875;0;4.875;6.668479;1.482438;4.875
1697;10.875;0;4.625;6.668479;1.482438;4.625
1698;10.875;0;4.375;6.668479;1.482438;4.375
1699;10.875;0;4.125;6.668479;1.482438;4.125
1700;10.875;0;3.875;6.668479;1.482438;3.875
1701;10.875;0;3.625;6.668479;1.482438;3.625
1702;10.875;0;3.375;6.668574;1.482867;3.375
1703;10.875;0;3.125;6.674596;1.509715;3.125
1704;10.875;0;2.875;6.689961;1.576257;2.875
1705;10.875;0;2.625;6.714605;1.677776;2.625
1706;10.875;0;2.375;6.748427;1.808391;2.375
1707;10.875;0;2.125;6.791289;1.962301;2.125
1708;10.875;0;1.875;6.843022;2.134472;1.875
1709;10.875;0;1.625;6.903427;2.320844;1.625
1710;10.875;0;1.375;6.972277;2.518265;1.375
1711;10.875;0;1.125;7.049326;2.724336;1.125
1712;10.875;0;0.875;7.134307;2.937235;0.875
1713;10.875;0;0.625;7.226941;3.155582;0.625
1714;10.875;0;0.375;7.326939;3.37832;0.375
1715;10.875;0;0.125;7.434001;3.604634;0.125
1716;11.125;0;9.625;8.100972;4.556505;9.625
1717;11.125;0;9.375;7.973775;4.326324;9.375
1718;11.125;0;9.125;7.852479;4.098467;9.125
1719;11.125;0;8.875;7.737363;3.873341;8.875
1720;11.125;0;8.625;7.628704;3.651454;8.625
1721;11.125;0;8.375;7.526784;3.433433;8.375
1722;11.125;0;8.125;7.431878;3.220064;8.125
1723;11.125;0;7.875;7.344261;3.012334;7.875
1724;11.125;0;7.625;7.264194;2.811495;7.625
1725;11.125;0;7.375;7.19193;2.619131;7.375
1726;11.125;0;7.125;7.127706;2.437251;7.125
1727;11.125;0;6.875;7.071743;2.268378;6.875
1728;11.125;0;6.625;7.024236;2.115629;6.625
1729;11.125;0;6.375;6.985359;1.982733;6.375
1730;11.125;0;6.125;6.955256;1.87392;6.125
1731;11.125;0;5.875;6.934041;1.793578;5.875
1732;11.125;0;5.625;6.921797;1.745643;5.625
1733;11.125;0;5.375;6.918479;1.732438;5.375
1734;11.125;0;5.125;6.918479;1.732438;5.125
1735;11.125;0;4.875;6.918479;1.732438;4.875
1736;11.125;0;4.625;6.918479;1.732438;4.625
1737;11.125;0;4.375;6.918479;1.732438;4.375
1738;11.125;0;4.125;6.918479;1.732438;4.125
1739;11.125;0;3.875;6.918479;1.732438;3.875
1740;11.125;0;3.625;6.918479;1.732438;3.625
1741;11.125;0;3.375;6.918571;1.732805;3.375
1742;11.125;0;3.125;6.924375;1.755836;3.125
1743;11.125;0;2.875;6.939187;1.813368;2.875
1744;11.125;0;2.625;6.962949;1.902275;2.625
1745;11.125;0;2.375;6.99557;2.018414;2.375
1746;11.125;0;2.125;7.036927;2.157392;2.125
1747;11.125;0;1.875;7.086868;2.3151;1.875
1748;11.125;0;1.625;7.145211;2.487978;1.625
1749;11.125;0;1.375;7.211753;2.673084;1.375
1750;11.125;0;1.125;7.28627;2.868052;1.125
1751;11.125;0;0.875;7.368519;3.071005;0.875
1752;11.125;0;0.625;7.458245;3.28046;0.625
1753;11.125;0;0.375;7.555182;3.495249;0.375
1754;11.125;0;0.125;7.659054;3.714446;0.125
1755;11.375;0;9.625;8.315496;4.657301;9.625
1756;11.375;0;9.375;8.191632;4.432358;9.375
1757;11.375;0;9.125;8.07361;4.210243;9.125
1758;11.375;0;8.875;7.961691;3.991427;8.875
1759;11.375;0;8.625;7.856135;3.776485;8.625
1760;11.375;0;8.375;7.757204;3.566116;8.375
1761;11.375;0;8.125;7.665152;3.36118;8.125
1762;11.375;0;7.875;7.580231;3.162732;7.875
1763;11.375;0;7.625;7.502683;2.972074;7.625
1764;11.375;0;7.375;7.432738;2.7908;7.375
1765;11.375;0;7.125;7.370613;2.620861;7.125
1766;11.375;0;6.875;7.316508;2.464601;6.875
1767;11.375;0;6.625;7.2706;2.32478;6.625
1768;11.375;0;6.375;7.233047;2.204529;6.375
1769;11.375;0;6.125;7.20398;2.107201;6.125
1770;11.375;0;5.875;7.1835;2.036085;5.875
1771;11.375;0;5.625;7.171681;1.993988;5.625
1772;11.375;0;5.375;7.168479;1.982438;5.375
1773;11.375;0;5.125;7.168479;1.982438;5.125
1774;11.375;0;4.875;7.168479;1.982438;4.875
1775;11.375;0;4.625;7.168479;1.982438;4.625
1776;11.375;0;4.375;7.168479;1.982438;4.375
1777;11.375;0;4.125;7.168479;1.982438;4.125
1778;11.375;0;3.875;7.168479;1.982438;3.875
1779;11.375;0;3.625;7.168479;1.982438;3.625
1780;11.375;0;3.375;7.168567;1.982759;3.375
1781;11.375;0;3.125;7.174169;2.002917;3.125
1782;11.375;0;2.875;7.188466;2.053539;2.875
1783;11.375;0;2.625;7.211407;2.132456;2.625
1784;11.375;0;2.375;7.24291;2.236675;2.375
1785;11.375;0;2.125;7.282863;2.36285;2.125
1786;11.375;0;1.875;7.331128;2.50767;1.875
1787;11.375;0;1.625;7.387542;2.668099;1.625
1788;11.375;0;1.375;7.451921;2.841496;1.375
1789;11.375;0;1.125;7.524059;3.025631;1.125
1790;11.375;0;0.875;7.603737;3.218663;0.875
1791;11.375;0;0.625;7.690719;3.419084;0.625
1792;11.375;0;0.375;7.784761;3.62567;0.375
1793;11.375;0;0.125;7.885611;3.837424;0.125
1794;11.625;0;9.625;8.531953;4.769085;9.625
1795;11.625;0;9.375;8.411276;4.549672;9.375
1796;11.625;0;9.125;8.296379;4.333574;9.125
1797;11.625;0;8.875;8.187506;4.121312;8.875
1798;11.625;0;8.625;8.0849;3.91351;8.625
1799;11.625;0;8.375;7.988802;3.710917;8.375
1800;11.625;0;8.125;7.899449;3.514434;8.125
1801;11.625;0;7.875;7.817074;3.325146;7.875
1802;11.625;0;7.625;7.741898;3.14435;7.625
1803;11.625;0;7.375;7.674134;2.973598;7.375
1804;11.625;0;7.125;7.613979;2.814717;7.125
1805;11.625;0;6.875;7.561615;2.669827;6.875
1806;11.625;0;6.625;7.517205;2.541323;6.625
1807;11.625;0;6.375;7.48089;2.431804;6.375
1808;11.625;0;6.125;7.452789;2.343931;6.125
1809;11.625;0;5.875;7.432994;2.28021;5.875
1810;11.625;0;5.625;7.421573;2.2427;5.625
1811;11.625;0;5.375;7.418479;2.232438;5.375
1812;11.625;0;5.125;7.418479;2.232438;5.125
1813;11.625;0;4.875;7.418479;2.232438;4.875
1814;11.625;0;4.625;7.418479;2.232438;4.625
1815;11.625;0;4.375;7.418479;2.232438;4.375
1816;11.625;0;4.125;7.418479;2.232438;4.125
1817;11.625;0;3.875;7.418479;2.232438;3.875
1818;11.625;0;3.625;7.418479;2.232438;3.625
1819;11.625;0;3.375;7.418564;2.232723;3.375
1820;11.625;0;3.125;7.423978;2.250644;3.125
1821;11.625;0;2.875;7.437795;2.29581;2.875
1822;11.625;0;2.625;7.459969;2.366662;2.625
1823;11.625;0;2.375;7.490426;2.460982;2.375
1824;11.625;0;2.125;7.529065;2.576195;2.125
1825;11.625;0;1.875;7.575762;2.709636;1.875
1826;11.625;0;1.625;7.630368;2.858753;1.625
1827;11.625;0;1.375;7.692715;3.021228;1.375
1828;11.625;0;1.125;7.762616;3.195022;1.125
1829;11.625;0;0.875;7.83987;3.378388;0.875
1830;11.625;0;0.625;7.92426;3.569854;0.625
1831;11.625;0;0.375;8.015563;3.768183;0.375
1832;11.625;0;0.125;8.113544;3.972348;0.125
1833;11.875;0;9.625;8.750198;4.891103;9.625
1834;11.875;0;9.375;8.632572;4.677418;9.375
1835;11.875;0;9.125;8.52066;4.467503;9.125
1836;11.875;0;8.875;8.414689;4.261916;8.875
1837;11.875;0;8.625;8.314887;4.061315;8.625
1838;11.875;0;8.375;8.221477;3.866474;8.375
1839;11.875;0;8.125;8.134681;3.67831;8.125
1840;11.875;0;7.875;8.054712;3.497901;7.875
1841;11.875;0;7.625;7.981775;3.326508;7.625
1842;11.875;0;7.375;7.916064;3.165597;7.375
1843;11.875;0;7.125;7.857762;3.016844;7.125
1844;11.875;0;6.875;7.807033;2.882134;6.875
1845;11.875;0;6.625;7.764027;2.76352;6.625
1846;11.875;0;6.375;7.728871;2.663154;6.375
1847;11.875;0;6.125;7.701675;2.583163;6.125
1848;11.875;0;5.875;7.682522;2.525486;5.875
1849;11.875;0;5.625;7.671473;2.491671;5.625
1850;11.875;0;5.375;7.668479;2.482438;5.375
1851;11.875;0;5.125;7.668479;2.482438;5.125
1852;11.875;0;4.875;7.668479;2.482438;4.875
1853;11.875;0;4.625;7.668479;2.482438;4.625
1854;11.875;0;4.375;7.668479;2.482438;4.375
1855;11.875;0;4.125;7.668479;2.482438;4.125
1856;11.875;0;3.875;7.668479;2.482438;3.875
1857;11.875;0;3.625;7.668479;2.482438;3.625
1858;11.875;0;3.375;7.668562;2.482694;3.375
1859;11.875;0;3.125;7.673798;2.498823;3.125
1860;11.875;0;2.875;7.687167;2.539579;2.875
1861;11.875;0;2.625;7.708623;2.603806;2.625
1862;11.875;0;2.375;7.738102;2.689824;2.375
1863;11.875;0;2.125;7.775511;2.795621;2.125
1864;11.875;0;1.875;7.820736;2.919049;1.875
1865;11.875;0;1.625;7.873643;3.057972;1.625
1866;11.875;0;1.375;7.934079;3.210379;1.375
1867;11.875;0;1.125;8.001872;3.374445;1.125
1868;11.875;0;0.875;8.076837;3.548553;0.875
1869;11.875;0;0.625;8.158777;3.731296;0.625
1870;11.875;0;0.375;8.247484;3.921469;0.375
1871;11.875;0;0.125;8.342741;4.118041;0.125
1872;12.125;0;9.625;8.9701;5.02261;9.625
1873;12.125;0;9.375;8.855396;4.814765;9.375
1874;12.125;0;9.125;8.746336;4.611106;9.125
1875;12.125;0;8.875;8.643132;4.412216;8.875
1876;12.125;0;8.625;8.545998;4.218767;8.625
1877;12.125;0;8.375;8.455142;4.031543;8.375
1878;12.125;0;8.125;8.370769;3.851452;8.125
1879;12.125;0;7.875;8.293077;3.679542;7.875
1880;12.125;0;7.625;8.222254;3.517013;7.625
1881;12.125;0;7.375;8.158481;3.365223;7.375
1882;12.125;0;7.125;8.101923;3.225689;7.125
1883;12.125;0;6.875;8.052733;3.100067;6.875
1884;12.125;0;6.625;8.011045;2.99011;6.625
1885;12.125;0;6.375;7.976979;2.897603;6.375
1886;12.125;0;6.125;7.950631;2.824261;6.125
1887;12.125;0;5.875;7.93208;2.771606;5.875
1888;12.125;0;5.625;7.921378;2.740829;5.625
1889;12.125;0;5.375;7.918479;2.732438;5.375
1890;12.125;0;5.125;7.918479;2.732438;5.125
1891;12.125;0;4.875;7.918479;2.732438;4.875
1892;12.125;0;4.625;7.918479;2.732438;4.625
1893;12.125;0;4.375;7.918479;2.732438;4.375
1894;12.125;0;4.125;7.918479;2.732438;4.125
1895;12.125;0;3.875;7.918479;2.732438;3.875
1896;12.125;0;3.625;7.918479;2.732438;3.625
1897;12.125;0;3.375;7.918559;2.732671;3.375
1898;12.125;0;3.125;7.923631;2.747332;3.125
1899;12.125;0;2.875;7.936578;2.784453;2.875
1900;12.125;0;2.625;7.957362;2.843154;2.625
1901;12.125;0;2.375;7.985923;2.922135;2.375
1902;12.125;0;2.125;8.022176;3.019804;2.125
1903;12.125;0;1.875;8.066018;3.134416;1.875
1904;12.125;0;1.625;8.117327;3.264186;1.625
1905;12.125;0;1.375;8.175961;3.407382;1.375
1906;12.125;0;1.125;8.241765;3.562387;1.125
1907;12.125;0;0.875;8.314568;3.727727;0.875
1908;12.125;0;0.625;8.394187;3.902088;0.625
1909;12.125;0;0.375;8.480432;4.084316;0.375
1910;12.125;0;0.125;8.573102;4.273404;0.125
1911;12.375;0;9.625;9.191542;5.16288;9.625
1912;12.375;0;9.375;9.079636;4.960915;9.375
1913;12.375;0;9.125;8.973301;4.763509;9.125
1914;12.375;0;8.875;8.872738;4.571254;8.875
1915;12.375;0;8.625;8.778145;4.384828;8.625
1916;12.375;0;8.375;8.689716;4.205004;8.375
1917;12.375;0;8.125;8.607643;4.032667;8.125
1918;12.375;0;7.875;8.532108;3.868818;7.875
1919;12.375;0;7.625;8.463286;3.714579;7.625
1920;12.375;0;7.375;8.401342;3.571196;7.375
1921;12.375;0;7.125;8.34643;3.440027;7.125
1922;12.375;0;6.875;8.298689;3.322519;6.875
1923;12.375;0;6.625;8.258244;3.220168;6.625
1924;12.375;0;6.375;8.225201;3.134458;6.375
1925;12.375;0;6.125;8.199651;3.066785;6.125
1926;12.375;0;5.875;8.181664;3.018363;5.875
1927;12.375;0;5.625;8.171289;2.990127;5.625
1928;12.375;0;5.375;8.168479;2.982438;5.375
1929;12.375;0;5.125;8.168479;2.982438;5.125
1930;12.375;0;4.875;8.168479;2.982438;4.875
1931;12.375;0;4.625;8.168479;2.982438;4.625
1932;12.375;0;4.375;8.168479;2.982438;4.375
1933;12.375;0;4.125;8.168479;2.982438;4.125
1934;12.375;0;3.875;8.168479;2.982438;3.875
1935;12.375;0;3.625;8.168479;2.982438;3.625
1936;12.375;0;3.375;8.168557;2.982651;3.375
1937;12.375;0;3.125;8.173473;2.99609;3.125
1938;12.375;0;2.875;8.186025;3.030165;2.875
1939;12.375;0;2.625;8.206178;3.084193;2.625
1940;12.375;0;2.375;8.233875;3.157149;2.375
1941;12.375;0;2.125;8.269041;3.247759;2.125
1942;12.375;0;1.875;8.311582;3.354591;1.875
1943;12.375;0;1.625;8.361384;3.476151;1.625
1944;12.375;0;1.375;8.418318;3.610952;1.375
1945;12.375;0;1.125;8.482242;3.757568;1.125
1946;12.375;0;0.875;8.552998;3.914673;0.875
1947;12.375;0;0.625;8.630418;4.081055;0.625
1948;12.375;0;0.375;8.714325;4.255626;0.375
1949;12.375;0;0.125;8.804534;4.437421;0.125
1950;12.625;0;9.625;9.414413;5.311219;9.625
1951;12.625;0;9.375;9.305188;5.115114;9.375
1952;12.625;0;9.125;9.20146;4.923895;9.125
1953;12.625;0;8.875;9.103418;4.738152;8.875
1954;12.625;0;8.625;9.011246;4.558556;8.625
1955;12.625;0;8.375;8.925128;4.385861;8.375
1956;12.625;0;8.125;8.845239;4.220915;8.125
1957;12.625;0;7.875;8.77175;4.064661;7.875
1958;12.625;0;7.625;8.704823;3.918139;7.625
1959;12.625;0;7.375;8.64461;3.782481;7.375
1960;12.625;0;7.125;8.591253;3.658894;7.125
1961;12.625;0;6.875;8.54488;3.548641;6.875
1962;12.625;0;6.625;8.505606;3.452998;6.625
1963;12.625;0;6.375;8.473528;3.37321;6.375
1964;12.625;0;6.125;8.448729;3.310421;6.125
1965;12.625;0;5.875;8.431273;3.265614;5.875
1966;12.625;0;5.625;8.421206;3.239534;5.625
1967;12.625;0;5.375;8.418479;3.232438;5.375
1968;12.625;0;5.125;8.418479;3.232438;5.125
1969;12.625;0;4.875;8.418479;3.232438;4.875
1970;12.625;0;4.625;8.418479;3.232438;4.625
1971;12.625;0;4.375;8.418479;3.232438;4.375
1972;12.625;0;4.125;8.418479;3.232438;4.125
1973;12.625;0;3.875;8.418479;3.232438;3.875
1974;12.625;0;3.625;8.418479;3.232438;3.625
1975;12.625;0;3.375;8.418554;3.232635;3.375
1976;12.625;0;3.125;8.423325;3.245038;3.125
1977;12.625;0;2.875;8.435505;3.276525;2.875
1978;12.625;0;2.625;8.455063;3.326554;2.625
1979;12.625;0;2.375;8.481948;3.394305;2.375
1980;12.625;0;2.125;8.51609;3.478743;2.125
1981;12.625;0;1.875;8.557402;3.578687;1.875
1982;12.625;0;1.625;8.605782;3.692878;1.625
1983;12.625;0;1.375;8.66111;3.820038;1.375
1984;12.625;0;1.125;8.723254;3.958919;1.125
1985;12.625;0;0.875;8.792071;4.108331;0.875
1986;12.625;0;0.625;8.867404;4.267169;0.625
1987;12.625;0;0.375;8.94909;4.434419;0.375
1988;12.625;0;0.125;9.036955;4.609167;0.125
1989;12.875;0;9.625;9.638616;5.466971;9.625
1990;12.875;0;9.375;9.53196;5.276657;9.375
1991;12.875;0;9.125;9.430727;5.091509;9.125
1992;12.875;0;8.875;9.335093;4.912108;8.875
1993;12.875;0;8.625;9.245231;4.739109;8.625
1994;12.875;0;8.375;9.161312;4.573237;8.375
1995;12.875;0;8.125;9.083501;4.415296;8.125
1996;12.875;0;7.875;9.011955;4.266168;7.875
1997;12.875;0;7.625;8.946825;4.126807;7.625
1998;12.875;0;7.375;8.888252;3.998235;7.375
1999;12.875;0;7.125;8.836367;3.881524;7.125
2000;12.875;0;6.875;8.791287;3.777773;6.875
2001;12.875;0;6.625;8.753118;3.688078;6.625
2002;12.875;0;6.375;8.72195;3.613483;6.375
2003;12.875;0;6.125;8.697859;3.554941;6.125
2004;12.875;0;5.875;8.680905;3.513254;5.875
2005;12.875;0;5.625;8.671127;3.489026;5.625
2006;12.875;0;5.375;8.668479;3.482438;5.375
2007;12.875;0;5.125;8.668479;3.482438;5.125
2008;12.875;0;4.875;8.668479;3.482438;4.875
2009;12.875;0;4.625;8.668479;3.482438;4.625
2010;12.875;0;4.375;8.668479;3.482438;4.375
2011;12.875;0;4.125;8.668479;3.482438;4.125
2012;12.875;0;3.875;8.668479;3.482438;3.875
2013;12.875;0;3.625;8.668479;3.482438;3.625
2014;12.875;0;3.375;8.668552;3.48262;3.375
2015;12.875;0;3.125;8.673185;3.494137;3.125
2016;12.875;0;2.875;8.685015;3.523398;2.875
2017;12.875;0;2.625;8.704012;3.569969;2.625
2018;12.875;0;2.375;8.73013;3.633184;2.375
2019;12.875;0;2.125;8.763305;3.712193;2.125
2020;12.875;0;1.875;8.803458;3.806011;1.875
2021;12.875;0;1.625;8.850492;3.913574;1.625
2022;12.875;0;1.375;8.9043;4.033784;1.375
2023;12.875;0;1.125;8.964759;4.165544;1.125
2024;12.875;0;0.875;9.031736;4.307796;0.875
2025;12.875;0;0.625;9.105086;4.459534;0.625
2026;12.875;0;0.375;9.184658;4.619826;0.375
2027;12.875;0;0.125;9.270291;4.787812;0.125
2028;13.125;0;9.625;9.864059;5.629519;9.625
2029;13.125;0;9.375;9.759867;5.44489;9.375
2030;13.125;0;9.125;9.661022;5.26566;9.125
2031;13.125;0;8.875;9.56769;5.092399;8.875
2032;13.125;0;8.625;9.480034;4.925735;8.625
2033;13.125;0;8.375;9.398212;4.766363;8.375
2034;13.125;0;8.125;9.322378;4.615036;8.125
2035;13.125;0;7.875;9.252679;4.472573;7.875
2036;13.125;0;7.625;9.189256;4.339845;7.625
2037;13.125;0;7.375;9.132238;4.217772;7.375
2038;13.125;0;7.125;9.081746;4.107304;7.125
2039;13.125;0;6.875;9.03789;4.0094;6.875
2040;13.125;0;6.625;9.000767;3.925001;6.625
2041;13.125;0;6.375;8.97046;3.854994;6.375
2042;13.125;0;6.125;8.947038;3.800175;6.125
2043;13.125;0;5.875;8.930557;3.761206;5.875
2044;13.125;0;5.625;8.921053;3.738585;5.625
2045;13.125;0;5.375;8.918479;3.732438;5.375
2046;13.125;0;5.125;8.918479;3.732438;5.125
2047;13.125;0;4.875;8.918479;3.732438;4.875
2048;13.125;0;4.625;8.918479;3.732438;4.625
2049;13.125;0;4.375;8.918479;3.732438;4.375
2050;13.125;0;4.125;8.918479;3.732438;4.125
2051;13.125;0;3.875;8.918479;3.732438;3.875
2052;13.125;0;3.625;8.918479;3.732438;3.625
2053;13.125;0;3.375;8.91855;3.732608;3.375
2054;13.125;0;3.125;8.923053;3.743355;3.125
2055;13.125;0;2.875;8.934552;3.770684;2.875
2056;13.125;0;2.625;8.95302;3.814237;2.625
2057;13.125;0;2.375;8.978414;3.873467;2.375
2058;13.125;0;2.125;9.010675;3.947669;2.125
2059;13.125;0;1.875;9.04973;4.036018;1.875
2060;13.125;0;1.625;9.095491;4.137606;1.625
2061;13.125;0;1.375;9.147858;4.251486;1.375
2062;13.125;0;1.125;9.206717;4.376697;1.125
2063;13.125;0;0.875;9.271946;4.512297;0.875
2064;13.125;0;0.625;9.343411;4.657378;0.625
2065;13.125;0;0.375;9.42097;4.811082;0.375
2066;13.125;0;0.125;9.504474;4.972611;0.125
